-- phpMyAdmin SQL Dump
-- version 3.4.5
-- http://www.phpmyadmin.net
--
-- Darbinė stotis: 92.61.46.94
-- Atlikimo laikas: 2012 m. Rgp 24 d. 21:17
-- Serverio versija: 5.5.18
-- PHP versija: 5.3.15

SET SQL_MODE="NO_AUTO_VALUE_ON_ZERO";
SET time_zone = "+00:00";


/*!40101 SET @OLD_CHARACTER_SET_CLIENT=@@CHARACTER_SET_CLIENT */;
/*!40101 SET @OLD_CHARACTER_SET_RESULTS=@@CHARACTER_SET_RESULTS */;
/*!40101 SET @OLD_COLLATION_CONNECTION=@@COLLATION_CONNECTION */;
/*!40101 SET NAMES utf8 */;

--
-- Duomenų bazė: `rodzegma16189com9075_myllbtop`
--
CREATE DATABASE `rodzegma16189com9075_myllbtop` DEFAULT CHARACTER SET utf8 COLLATE utf8_general_ci;
USE `rodzegma16189com9075_myllbtop`;

-- --------------------------------------------------------

--
-- Sukurta duomenų struktūra lentelei `lost_password_log`
--

CREATE TABLE IF NOT EXISTS `lost_password_log` (
  `id` int(11) NOT NULL AUTO_INCREMENT,
  `ip` varchar(25) NOT NULL,
  `date` int(11) NOT NULL,
  `code` varchar(50) NOT NULL,
  `valid_date` int(11) NOT NULL,
  `lost_password_data` varchar(255) NOT NULL,
  PRIMARY KEY (`id`)
) ENGINE=MyISAM  DEFAULT CHARSET=latin1 AUTO_INCREMENT=126 ;

--
-- Sukurta duomenų kopija lentelei `lost_password_log`
--

INSERT INTO `lost_password_log` (`id`, `ip`, `date`, `code`, `valid_date`, `lost_password_data`) VALUES
(9, '80.6.254.49', 1310928353, '366919c8d834c8ac1265a872b19c18b8', 1311014753, '4903266'),
(13, '89.117.209.73', 1311249973, '5295c6a272f9efd7919e9d83fdd99b64', 1311336373, '4110046'),
(19, '78.61.62.131', 1311666916, 'd3ed239f48015063bf95d29457c4dbb5', 1311753316, '1962900'),
(24, '78.57.77.168', 1311955007, '3b96f070860c180ec5afe348d5a685d6', 1312041407, '2991153'),
(25, '78.57.77.168', 1311955052, '9425ab2854034013a112f8a112c6493d', 1312041452, '2991153'),
(29, '88.222.201.71', 1312469864, 'a47fb3aa658f400f9e57bff564313047', 1312556264, '9880400'),
(33, '77.87.13.124', 1314613100, 'f39f4030901224a77f90b8cd3a8dab51', 1314699500, '3342863'),
(47, '78.31.230.4', 1317422258, '6efa148462d42bae8e9538472eddcdc7', 1317508658, '6901368'),
(49, '88.222.51.60', 1317499547, '5228ca8b9029f362307828ac36e0bbbf', 1317585947, '8923493'),
(50, '88.222.51.60', 1317499607, 'f1e0b6a68d6623ce1028ea98d4ff820c', 1317586007, '8923493'),
(51, '88.222.51.60', 1317499617, '0eb87443f4d4e7655b71a31eabb8f3e7', 1317586017, '8923493'),
(52, '88.222.51.60', 1317499617, 'efe7670bbce91058bc64f20ead27e41f', 1317586017, '8923493'),
(53, '88.222.51.60', 1317499617, '5591ea25a3a352f8df65ad7e8545803f', 1317586017, '8923493'),
(54, '88.222.51.60', 1317499618, '2756aa832d2cfba59f66c05ecb9b8169', 1317586018, '8923493'),
(55, '88.222.51.60', 1317499618, '6168725bde96352a6962d3f409505632', 1317586018, '8923493'),
(56, '88.222.51.60', 1317499618, '28ab3e5e26ef909ebf25f614f2619bb6', 1317586018, '8923493'),
(57, '88.222.51.60', 1317499618, 'ea4b51d5d7eb25092d55cc20709f780e', 1317586018, '8923493'),
(58, '88.222.51.60', 1317499618, '972a3bad5a94ff542f4aea6b7274372a', 1317586018, '8923493'),
(59, '88.222.51.60', 1317499600, 'fbc308821f79cc238d239d2b67cf84e6', 1317586000, '8923493'),
(60, '88.222.51.60', 1317499624, 'e66cd7f3c0bd3eb17696ba944ec748c2', 1317586024, '8923493'),
(61, '88.222.51.60', 1317499624, '26af3014ad81af34d6d9acdefa5f6657', 1317586024, '8923493'),
(64, '88.222.51.60', 1317499722, '6dd552f81c6e33699c34d4216f0506e0', 1317586122, '8923493'),
(69, '92.41.51.9', 1318117283, 'db336ad79d0f773ca68e1034d06fbce4', 1318203683, '3262586'),
(70, '92.41.51.9', 1318117329, '684763abc5de52c7621177ed66c77d45', 1318203729, '3262586'),
(72, '78.63.16.148', 1318364085, '1dbd39cd4b738ddf5b659713009f1237', 1318450485, '5580859'),
(74, '84.240.10.41', 1318556804, '443e2b16fa5cdcce0629059e0f568689', 1318643204, '1472620'),
(75, '78.62.232.162', 1318613786, 'f74210bcbd3b0b47f811795671a1fb05', 1318700186, '311691'),
(76, '78.61.62.131', 1319356888, 'c3ecb239738f5902c03869e581fcd066', 1319443288, '9337170'),
(77, '78.61.62.131', 1319356948, 'c7dacd996f89d5b18ef3619be5bade5d', 1319443348, '9337170'),
(78, '78.61.62.131', 1319356978, 'a902dcea82ebc7703d183bc436ac0975', 1319443378, '9337170'),
(81, '78.61.62.131', 1319356979, '784bbcd6224916a6a904192bbdaa5508', 1319443379, '9337170'),
(82, '78.61.62.131', 1319357069, 'dbd08018ed551e5d059fcc2e5f810f7c', 1319443469, '9337170'),
(87, '178.16.40.26', 1321283492, '9b04cba4d49491cfc8a53a77ab419d45', 1321369892, '8923493'),
(104, '213.103.230.194', 1330333143, '47711fdab5310e54e6b985f59d18a5cc', 1330419543, '40'),
(105, '213.103.230.194', 1330333349, 'acedbad4e3d8db3b0b8a19cdac4041e8', 1330419749, '40'),
(106, '178.16.40.26', 1331283639, 'b2a42070eb6aac5537440afd24d28990', 1331370039, '12'),
(107, '178.16.40.26', 1331283706, '70e147d12c32e4bcbe35c57f12c63241', 1331370106, '12'),
(108, '78.61.227.30', 1331398993, '0060a637b7e565f41f868e1383bfa452', 1331485393, '31'),
(109, '46.251.61.51', 1333202218, 'c169200d3cc081ccb007e88055e3a61f', 1333288618, '85'),
(110, '212.12.201.185', 1334426389, 'd1be13ae5efdcb73882329a6fef44c66', 1334512789, '83'),
(119, '46.251.61.51', 1337279527, 'aafa36e09281bd23a24a8bf4d1796adc', 1337365927, '148'),
(118, '78.58.200.15', 1337278679, '5fb3619acc4dd522cf2a9b7ab890621f', 1337365079, '148'),
(122, '62.80.225.125', 1341757806, 'c2882cd3dacc54ba8845ed371ce5ac78', 1341844206, '169');

-- --------------------------------------------------------

--
-- Sukurta duomenų struktūra lentelei `payment_log`
--

CREATE TABLE IF NOT EXISTS `payment_log` (
  `id` int(11) NOT NULL AUTO_INCREMENT,
  `server_id` int(11) NOT NULL,
  `operator` varchar(50) NOT NULL,
  `number` varchar(15) NOT NULL,
  `sum` int(11) NOT NULL,
  `date` int(11) NOT NULL,
  `type` varchar(50) NOT NULL,
  PRIMARY KEY (`id`)
) ENGINE=MyISAM  DEFAULT CHARSET=utf8 AUTO_INCREMENT=4 ;

--
-- Sukurta duomenų kopija lentelei `payment_log`
--

INSERT INTO `payment_log` (`id`, `server_id`, `operator`, `number`, `sum`, `date`, `type`) VALUES
(1, 8, 'bite', '37063906295', 100, 0, ''),
(2, 20, 'tele2', '37067068706', 500, 1319051176, 'add_votes'),
(3, 4, 'tele2', '37064615962', 100, 1319455262, 'add_votes');

-- --------------------------------------------------------

--
-- Sukurta duomenų struktūra lentelei `servers`
--

CREATE TABLE IF NOT EXISTS `servers` (
  `id` int(11) NOT NULL AUTO_INCREMENT,
  `user_id` int(11) NOT NULL,
  `title` varchar(50) NOT NULL,
  `web_url` varchar(255) NOT NULL,
  `chronicle` varchar(60) NOT NULL,
  `xp` int(11) NOT NULL,
  `description` text NOT NULL,
  `game_server_status` int(11) NOT NULL,
  `login_server_status` int(11) NOT NULL,
  `login_server_ip` varchar(255) NOT NULL,
  `game_server_ip` varchar(255) NOT NULL,
  `login_server_port` int(11) NOT NULL,
  `game_server_port` int(11) NOT NULL,
  `votes` int(11) NOT NULL,
  `last_vote_date` int(11) NOT NULL,
  `deleted` int(11) NOT NULL,
  PRIMARY KEY (`id`)
) ENGINE=MyISAM  DEFAULT CHARSET=utf8 AUTO_INCREMENT=184 ;

--
-- Sukurta duomenų kopija lentelei `servers`
--

INSERT INTO `servers` (`id`, `user_id`, `title`, `web_url`, `chronicle`, `xp`, `description`, `game_server_status`, `login_server_status`, `login_server_ip`, `game_server_ip`, `login_server_port`, `game_server_port`, `votes`, `last_vote_date`, `deleted`) VALUES
(150, 140, 'Opiskelija', 'http://ikelk.lt/items/zGCq3k0PLJ', 'CT0|Interlude', 9999, 'Idomu pvp serveris visiems tingintiems farminti ir norintiems patirti geru kovu!', 0, 0, '127.0.0.1', '127.0.0.1', 2106, 7777, 0, 0, 0),
(3, 3, '-=L2Beyond.lt Freya=-', 'http://www.Beyond.lt', 'CT3|Freya', 6, 'Geriausias Lietuvoje 6x reitų FREYA serveris!', 1, 1, 'game.beyond.lt', 'game.beyond.lt', 3306, 7777, 52, 1330460614, 0),
(4, 4, 'L2Exsade', 'http://www.L2exsade.com', 'CT0|Interlude', 1, 'Geriausias šių laikų Faction Serveris!!', 0, 0, 'login.l2exsade.com', 'login.l2exsade.com', 2106, 7777, 644, 1345719037, 0),
(181, 12, 'L2-C6.Eu ', 'http://www.l2-c6.eu/', 'CT0|Interlude', 10, 'Numeris vienas', 0, 0, '178.16.40.26', '178.16.40.26', 7777, 2106, 2, 1345279809, 0),
(182, 182, 'l2aon', 'http://www.l2aon.lt/', 'CT0|Interlude', 1000, 'C6 Custom Pvp ', 0, 0, '109.235.71.192', '109.235.71.192', 2106, 5222, 11, 1345739454, 0),
(8, 6, 'L2KILL', 'http://l2kill.com', 'CT0|Interlude', 100, '', 0, 0, '212.59.26.213', '212.59.26.213', 2106, 7777, 2, 2011, 0),
(139, 124, 'UnderWorld 2012 Project', 'http://l2uw.eu', 'CT0|Interlude', 5000, 'Is a new record: 189 online in real player! Come and join for as now! ', 0, 0, 'ip.l2uw.eu', 'ip.l2uw.eu', 2106, 7777, 7, 1337202209, 0),
(13, 8, 'Reload.lt - Seniausias lietuvoje', 'http://www.reload.lt/hintro.php?lang=lt', 'CT0|Interlude', 800, 'L][Reload serverių tinklas yra vienas seniausių lietuvoje. High serveris startaves 2007 metais ir ligi šiol yra kruopščiai atnaujinamas.', 0, 0, 'cs1.reload.lt', 'cs1.reload.lt', 2106, 5222, 558, 1334223655, 0),
(15, 9, 'L2 Frozen', 'http://www.l2-frozen.lt', 'CT0|Interlude', 9000, '', 0, 0, 'http://82.135.154.69', 'http://82.135.154.69', 7777, 9014, 6, 1325268498, 0),
(20, 10, 'Unikalus Lineage 2 projektas 2012', 'http://l2inflate.eu/interlude/', 'CT0|Interlude', 45, 'L2InFlate team, we are a group that we decide to work on lineage2 private game server. In General our goal is to create as perfect as possible Interlude server.\r\nwww.l2inflate.eu', 0, 0, '109.235.70.61', '109.235.70.61', 2106, 7776, 186, 1327793419, 0),
(82, 56, 'L2 HilCl. Private server .', 'http://hinolclan.us.lt', 'CT0|Interlude', 1000, 'Naujas private serveris L2 HilCl.', 0, 0, '109.235.70.61:2106', '109.235.70.61:7776', 15, 15, 6, 1329636480, 0),
(183, 185, 'Line][age Eiper', 'http://www.eiper.us.lt', 'CT0|Interlude', 1500, 'No custom!', 0, 0, '88.222.201.21', '88.222.201.21', 2106, 7777, 3, 1345792084, 0),
(76, 50, 'Nol2 max plius 100', 'http://www.nol2.biz', 'CT0|Interlude', 9999, 'PVP', 0, 0, '78.60.229.72', '78.60.229.72', 2106, 7777, 3120, 1342429370, 0),
(121, 102, 'L2 Paradise', 'http://www.l2paradise.lt', 'CT0|Interlude', 75, 'PARADISE GRYZTA!', 0, 0, '159.253.141.140', '159.253.141.140', 2106, 7777, 6, 1334871628, 0),
(49, 23, 'L2-DeLink', 'http://l2delink.lt', 'CT0|Interlude', 800, 'Mes ir vel sugryztame tik si karta smarkiai atsinaujine, visdelto reikia kompensuoti 2 metu dingima :)', 1, 1, 'game.Lineage2.lt', 'game.Lineage2.lt', 2106, 7777, 2828, 1337264950, 1),
(133, 104, 'L2 Never back down', 'http://nbd.lt', 'CT0|Interlude', 100, 'Mid rate server', 0, 0, '91.225.104.172', '91.225.104.172', 2106, 7777, 7, 1334991128, 0),
(58, 31, 'Better World Reborn', 'http://betterworld.us.lt', 'CT3.1|High Five', 4, 'Platesnė informacija puslapyje.', 0, 0, '208.85.17.130', '208.85.17.130', 2106, 7777, 59, 1336969091, 0),
(137, 122, 'No custom PVP Penktadieni', 'http://interlude.pro/lt/index.php', 'C0|Prelude', 5000, 'Daugiau informacijos tinklapyje :)', 0, 0, '91.225.105.37', '91.225.105.37', 9014, 7777, 2, 1335714715, 0),
(135, 117, 'L2-La2Portal', 'http://la2portal.lt/', 'CT0|Interlude', 99999, 'L2-La2Portal x9999 Rate server with meny peoples ant frendly administration !', 0, 0, '193.46.83.119', '193.46.83.119', 8000, 8006, 290, 1344771448, 0),
(72, 45, 'L2BlueTech', 'http://l2bluetech.webs.com/', 'CT0|Interlude', 1000, 'Server Interlude', 0, 0, 'l2bluetech.servegame.com', 'lbluetech.servegame.com', 2106, 7777, 13, 1325460503, 0),
(73, 47, 'Interlude.LT [x75] MID RATES', 'http://www.Interlude.lt', 'CT0|Interlude', 75, 'www.Interlude.lt Mid rates Serveris!', 0, 0, '178.19.16.70', '178.19.16.70', 13567, 8888, 2518, 1342359040, 0),
(70, 42, 'Low [x10]', 'http://uncontrollables.ucoz.org/', 'CT0|Interlude', 10, '	~~ Server Info ~~\r\n\r\nExp = x10\r\n\r\nSp = x10\r\n\r\nRate Party exp = x1.5\r\n\r\nRate Party Sp = x1.5\r\n\r\nRate drop items = x10\r\n\r\nRate drop seal stones = x1\r\n\r\nRate drop spoil = x10\r\n\r\nRate drop manor = x2\r\n\r\nRate drop Quest = x2\r\n\r\nRate Quest reward = x1\r\n\r\nEnchant:\r\n\r\nEnchant Max: +16\r\n\r\nEnchant Safe: +3\r\n\r\nSimple Enchant Rates: 58%\r\n\r\nBlessed Enchant Rates: 66%\r\n\r\nBasic things:\r\n\r\nFull working skill, on the global balance\r\n\r\nCastle siege\r\n\r\nWorking cursed weapons\r\n\r\nClass Auto (20,40,76 LvL table)\r\n\r\nAugmentation full working\r\n\r\nSubclass without quest\r\n\r\nFull Working Weddings\r\n\r\nCommercial Geodata, full working\r\n\r\nAdditional:\r\n\r\nBuff Time ( Dance/Song = 15 min ... Pp/Chant=30min) Without BUffer\r\n\r\nNo mana Potions ( Only from Donate ... 10 Mana Potions = 1 Euro)\r\n\r\nNo GM Shop\r\n\r\nOffline craft/buy/sell WORK !!!\r\n\r\nMain Town Giran !!! \r\n\r\nFree Teleport', 0, 0, '77.71.8.21', '77.71.8.21', 2106, 7777, 7, 1325061831, 0),
(74, 48, 'L2rojus', 'http://l2rojus.webs.com/', 'CT0|Interlude', 500, 'Staravo 2011-12-28', 0, 0, '78.157.94.18', '78.157.94.18', 2106, 7777, 2, 1325075151, 0),
(84, 58, 'L2-Attack Startavom', 'http://l2-attack.forumlt.com/', 'CT0|Interlude', 1000, 'Senojo Dusk/Apella stiliaus serveris :)', 0, 0, '77.241.192.90', '77.241.192.90', 2106, 7777, 1, 1326395175, 0),
(89, 63, 'L2Oracle x10 naujas sezonas', 'http://www.l2oracle.eu/', 'CT0|Interlude', 10, 'best of best server', 0, 0, '127.01.01.01', '127.01.01.01', 5555, 5555, 1, 1335430085, 0),
(153, 144, 'L][-LifeDrain', 'http://www.lifedrain.lt', 'CT0|Interlude', 85, 'Serverio startas gegužės 12 dieną.', 0, 0, '212.122.86.253', '212.122.86.253', 2106, 7777, 27, 1345196629, 0),
(88, 62, 'L2-Luxor 06.22', 'http://www.l2luxor.eu', 'CT0|Interlude', 1000, 'Grįžtą naujai atsigaves. Jau greitai.', 0, 0, '77.241.194.91:2106', '77.241.194.91:7777', 2106, 7777, 1239, 1345387038, 0),
(91, 66, 'l2monsters', 'http://l2monsters.eu', 'CT0|Interlude', 500, 'l2 monsters interlude, high', 0, 0, '77.241.194.182', '77.241.194.182', 2106, 7777, 80, 1335161296, 0),
(97, 74, 'L2Goddess - FREYA KOVO 2 START', 'http://l2goddess.us.lt', 'CT3|Freya', 5000, 'FREYA HIGH RATES', 1, 1, '194.44.213.68', '194.44.213.68', 2106, 7777, 19, 1335427582, 0),
(154, 145, 'Lineage 2 Stuck Subclass ', 'http://lineage.gb.net', 'CT0|Interlude', 400, 'Best l2 Interlude Stuck Subclass\r\n400x\r\nSame Race only 1+1 \r\nretail like    no customs', 1, 1, 'l2authd.servegame.com', 'l2authd.servegame.com', 2106, 7777, 12, 1344794966, 0),
(101, 80, 'l2 Way', 'http://www.l2-way.eu/', 'CT0|Interlude', 5000, 'serveris startuos netrukus su su tikrai nelengviausiu farm guru pvp ir ', 0, 0, '78.62.27.238', '78.62.27.238', 2106, 9014, 2, 1329643355, 0),
(125, 106, 'OverGame High Five x50', 'http://l2og.eu', 'CT3.1|High Five', 50, 'High Five Best LT Server', 0, 0, '109.235.68.4', '109.235.68.4', 2106, 7777, 76, 1338159320, 1),
(102, 81, 'Ignite', 'http://www.ignite.wu.lt', 'CT0|Interlude', 2000, 'L2 c6 PvP No-Custom server.', 0, 0, '79.98.30.127', '79.98.30.127', 7777, 2106, 65, 1332017075, 1),
(109, 89, 'L2Inter PvP custom server', 'http://l2inter.lt/', 'CT0|Interlude', 1000, '2012 02 18 17:00 (GMT+2) startuos naujas Lineage 2 Interlude žaidimo projektas L2Inter. Serveris pilnai paruoštas Live mode startui , bet vis dar veikia "test mode" iki 02-17. Serveryje yra papildomų daiktų (custom item''ų) kurie Jums pridedes papildomus stats''us.', 0, 0, '91.224.92.177', '91.224.92.177', 2107, 7777, 7, 1336552110, 0),
(110, 90, 'L2Awakening', 'http://l2awakening.ucoz.com/', 'CT0|Interlude', 10, 'lineage 2 interlude Awakening low rate 10x global gk full buffer items from drop craft and gm shop', 0, 0, 'awakening.no-ip.org', 'awakening.no-ip.org', 2106, 7777, 7, 1329766998, 0),
(111, 91, '===>>>>L2-Way<<<<===', 'http://l2-way.eu', 'CT0|Interlude', 500, 'L2 Way custom serveris', 1, 1, '82.135.154.90', '82.135.154.90', 7777, 7777, 1724, 1345405293, 0),
(113, 93, 'L2Q', 'http://www.l2q.lt', 'CT0|Interlude', 75, 'neuzilgo pasirodys', 0, 0, '91.225.107.64', '91.225.107.64', 2106, 777, 18, 1333407603, 0),
(112, 39, 'L2RedLine', 'http://l2-redline.xe.lt', 'CT0|Interlude', 3000, 'Redline PvP  C6 Server. 3000x', 0, 0, '78.60.80.124', '78.60.80.124', 2106, 9014, 31, 1342565900, 0),
(114, 94, 'Infernons no custom pirmadieni 18:00', 'http://www.l2infernons.eu/', 'CT0|Interlude', 1, 'Stabilus serveris projektas tik dėl jūsų , užeikite nepasigailėsite', 0, 0, '82.135.154.110', '82.135.154.110', 5298, 9159, 55, 1335088356, 1),
(130, 111, 'EpicaL Server L2', 'http://www.l2epical.com.ar', 'CT3|Freya', 50, 'Good INTERLUDE server', 1, 1, '188.165.198.60', '188.165.198.60', 7778, 9100, 3, 1332623069, 0),
(140, 125, 'L2 Legends', 'http://www.l2legends.gamespot.lt/news.php', 'CT0|Interlude', 2000, 'Naujas serveris pvp', 0, 0, '84.240.12.240', '84.240.12.240', 2106, 7777, 35, 1335443263, 0),
(141, 126, 'Deathwarrior', 'http://www.deathwarrior.lt', 'CT3.1|High Five', 1000, 'PvP', 1, 1, '178.63.48.132', '178.63.48.132', 2106, 7777, 54, 1338739318, 1),
(147, 130, 'L2Scryde', 'http://www.scryde.eu', 'CT3.1|High Five', 1000, 'High Five PVP serveris', 1, 1, 'login.scryde.eu', 'pvp.scryde.eu', 2106, 7777, 30, 1342188460, 0),
(148, 133, 'L2 Good vs Evil', 'http://www.l2gve.net', 'CT1.5|Hellbound', 2000, 'l2gve pats seniausias gve tipo serveris, dirbantis nuo c3!', 0, 0, '184.168.103.181', '184.168.103.181', 2106, 7777, 2, 1335947339, 0),
(155, 147, 'L2Accident [NEW 12.06.11]', 'http://l2accident.eu', 'CT0|Interlude', 2000, 'New unique PVP server style era is coming..', 0, 0, '65.111.183.156', '65.111.183.156', 2106, 7777, 229, 1339515396, 0),
(156, 17, 'L2jBaltic', 'http://l2jbaltic.us.lt', 'C4|Scions of Destiny', 20, 'Serveris kuriamas', 0, 0, '78.62.232.162', '78.62.232.162', 2106, 7777, 1, 1336931075, 0),
(158, 149, 'L2-PvPx Soom', 'http://www.l2-pvpx.eu/', 'GOD|Awakening', 500, 'L2-PvPx Soom', 0, 0, 'linu.ro', 'linu.ro', 2107, 7777, 12, 1337953065, 0),
(159, 151, 'l2Oracle.eu - Interlude mid server. ', 'http://l2oracle.eu', 'CT0|Interlude', 75, '- XP x75 | SP x75 | Adena x100 | Drop x35\r\n- Spoil x35 | Raid Drop x1 | Grand Drop x1\r\n- Manor x10 | Seal Stones x1 | Fishing x10\r\n\r\n- Max Enchant +16\r\n- Enchant Chance 58%\r\n- Blessed Enchant Chance 62%\r\n- Crystal Enchant Chance 62%\r\n- Safe Enchant +4\r\n\r\nGrand Bosses Respawn Time:\r\n\r\n- Queen Ant 24 +- 3h\r\n- Core 24 +-3h\r\n- Orfen 24 +- 3h\r\n- Zaken 48 +- 8h\r\n- Baium 48 +- 8h\r\n- Antharas 48 +- 8h\r\n- Valakas 48 +- 8h\r\n- Frintezza 48 +- 8h', 1, 1, '212.122.86.167', '212.122.86.167', 2106, 7778, 0, 0, 0),
(163, 157, 'Lineage II Never Back Down', 'http://www.l2nbdf.tk', 'CT3|Freya', 55, 'Naujas Freya serveris :)', 1, 1, '84.32.117.132', '84.32.117.132', 2106, 7777, 51, 1345752366, 0),
(167, 162, 'L2 Blaze', 'http://l2blaze.net/invite/index.php?pakviete=chame', 'CT0|Interlude', 80, 'L2 blaze x80! jau online!!', 0, 0, '91.224.92.207', '91.224.92.207', 2106, 7777, 1, 1340031153, 0),
(173, 168, 'L2Independent x75', 'http://l2independent.tk/', 'CT0|Interlude', 75, 'XP x75 \r\nSP x75 \r\nParty Exp x1.5 \r\nAdena x100 \r\nDrop x20 \r\nSpoil x30 \r\nQuest Drop x20 \r\nRaidBoss Drop x15 \r\nGM-shops to B grade, with all material and recipes .\r\nBuffs time : 2hour . \r\nNPC Buffer 26 Buff slots + 6 debuff (Total 32) ', 1, 1, '77.71.11.197', '77.71.11.197', 2106, 7777, 11, 1342037258, 0),
(171, 165, 'L2Merkava', 'http://l2merkava.us.lt', 'CT0|Interlude', 60, 'Soon.', 1, 1, '78.61.227.30 ', '78.61.227.30 ', 2106, 9014, 12, 1344806528, 0),
(169, 163, 'l2ds', 'http://l2ds.eu', 'CT0|Interlude', 100, 'kitoks nei visi', 0, 1, '109.235.71.2', '109.235.71.2', 9014, 7777, 0, 0, 0),
(176, 174, 'L2-Destroyers', 'http://www.l2-destroyers.ofl.lt', 'CT0|Interlude', 1000, 'Naujas L2- Projektas kuriamas !', 0, 0, '77.241.202.141', '77.241.202.141', 2106, 7777, 221, 1345316712, 0),
(179, 178, 'Faction Wars start 8d', 'http://www.l2gve.tk/', 'CT3|Freya', 1, 'Faction serveris. Red vs Blue. GVE.', 1, 1, '171.64.67.140', '195.182.66.169', 8080, 8080, 1, 1344346723, 0),
(180, 179, 'L][Dark reborn', 'http://l2dark.lt', 'CT0|Interlude', 75, 'L][Dark Reborn after a 2years brake!\r\nL][Dark is first L2 Mid rates style server. At early days L][Dark had ~1000 online players with 6months  + no wipe.\r\nOur Rates x75x75x100x55 (xp/sp/adena/drop&spoil)\r\nWe got buffer, shop till b grade.', 0, 1, '77.241.192.187', '77.241.192.187', 2106, 7777, 2, 1344632476, 0);

-- --------------------------------------------------------

--
-- Sukurta duomenų struktūra lentelei `users`
--

CREATE TABLE IF NOT EXISTS `users` (
  `user_id` int(11) NOT NULL AUTO_INCREMENT,
  `username` varchar(40) NOT NULL,
  `password` varchar(255) NOT NULL,
  `email` varchar(255) NOT NULL,
  `email_dynamic` varchar(255) NOT NULL,
  `ip` varchar(255) NOT NULL,
  `date` int(11) NOT NULL,
  `user_group` int(11) NOT NULL,
  `deleted` int(11) NOT NULL,
  PRIMARY KEY (`user_id`)
) ENGINE=MyISAM  DEFAULT CHARSET=utf8 AUTO_INCREMENT=187 ;

--
-- Sukurta duomenų kopija lentelei `users`
--

INSERT INTO `users` (`user_id`, `username`, `password`, `email`, `email_dynamic`, `ip`, `date`, `user_group`, `deleted`) VALUES
(3, 'Nerijus', '949e53c5faa39175bd05049b5ecfa465', 'pigulevicius.nerijus@gmail.com', 'pigulevicius.nerijus@gmail.com', '78.58.54.94', 2011, 0, 0),
(137, 'justastest3', '690f4b799453224fc1f283e4c2962f31', 'asdasd@sdasd.lt', 'asdasd@sdasd.lt', '78.63.16.148', 1334872607, 1, 0),
(2, 'dobras', '9e63d0276d5e7a035a9f9ec2ac913d68', 'wcgkaunas@gmail.com', 'wcgkaunas@gmail.com', '78.31.230.4', 2011, 0, 0),
(4, 'L2Legends', '4a7025fed55c4366ca66133c1aaf4907', 'lat3st@gmail.com', 'lat3st@gmail.com', '78.56.248.168', 2011, 0, 0),
(5, 'lol1', 'b6070205ad0fd321b400871f2c057105', 'lol1@lol1.lt', 'lol1@lol1.lt', '78.62.160.219', 2011, 0, 0),
(6, '123456lol', '221a6519ff7a7e7e0d9110f8291787a6', 'fasdfasdf@sdfs.lt', 'fasdfasdf@sdfs.lt', '78.62.160.219', 2011, 0, 0),
(8, 'umbalas', '55539f0fe8c0d0a65e3563ccf1d0f52f', 'arnasnn@gmail.com', 'arnasnn@gmail.com', '88.222.201.71', 2011, 0, 0),
(9, 'mikas', '109eab08645877fea155972a336651e9', 'mikas.wtf@gmail.com', 'mikas.wtf@gmail.com', '78.56.50.228', 2011, 0, 0),
(7, 'vnknown', 'c02264b3b3ed3eeaf5d45b974a9fa9ad', 'vnknown18@gmail.com', 'vnknown18@gmail.com', '212.122.93.34', 2011, 0, 0),
(10, 'volcano', '9aef17026b3db47b868cf37b12c361e4', 'volcanotnt@gmail.com', 'volcanotnt@gmail.com', '78.56.145.196', 2011, 0, 0),
(11, 'filmas951', '0a5656f040874c85753e0018a1c23546', 'filmas951@gmail.com', 'filmas951@gmail.com', '77.87.13.124', 2011, 0, 0),
(12, 'zerx', 'c6685c4655406a89c878a67f545a2e1b', 'widma6@gmail.com', 'widma6@gmail.com', '88.222.51.60', 2011, 0, 0),
(14, 'l2arcade', 'bc68d8d090799e740ef84fb88c97e280', 'l2arcade@mailbox.lt', 'l2arcade@mailbox.lt', '88.216.55.45', 2011, 0, 0),
(16, 'domis045', 'c3b3eeecc87c5ad9098273a6c5244cb7', 'domis045@gmail.com', 'domis045@gmail.com', '78.58.200.15', 2011, 0, 0),
(17, 'kukuok', '1833ed210e0d80ae6202e3c9e635736e', 'minde3a@gmail.com', 'minde3a@gmail.com', '78.62.232.162', 2011, 0, 0),
(18, 'mikey', 'b4f46fd8a41b82aaba2a40fcda9ccfae', 'regimantjux.never@gmail.com', 'regimantjux.never@gmail.com', '84.32.150.177', 2011, 0, 0),
(19, 'l2still', 'c25702d72166482a274324f8d4eb6e59', 'dovydas.sepkus@gmail.com', 'l2still@gmail.com', '89.117.209.73', 2011, 0, 0),
(21, 'luxor', '39d6e74f7acdd7dd8d587e05ac7bafb1', 'bestla228@gmail.com', 'bestla228@gmail.com', '81.23.150.199', 2011, 0, 0),
(22, 'lust', 'a2e5d002569ef7848bddf5e5e80d64fc', 'raimondas.j@inbox.lt', 'raimondas.j@inbox.lt', '78.58.16.27', 2011, 0, 0),
(23, 'delinklt', '76ae37b1b705b0df5904ff33bd27e021', 'delinklt@gmail.com', 'delinklt@gmail.com', '78.60.94.58', 2011, 0, 1),
(24, 'fauwen', 'd5800d5c732b07cab72f5d1ee11f6f38', 'fauwen@gmail.com', 'fauwen@gmail.com', '78.57.77.168', 2011, 0, 0),
(25, 'l2castle', '012908d0ac5a6484d45710f353368b8f', 'vitalka@new.lt', 'vitalka@new.lt', '88.216.55.78', 2011, 0, 0),
(26, 'prodzect', '2e5adbe09b680c990b9bf812c26b70ca', 'jaustas20@gmail.com', 'prodzect@gmail.com', '78.63.16.148', 1322684755, 2, 0),
(27, 'Kami', 'c6fee0a87601e998622a20788441744c', 'iljalizunovas@hotmail.co.uk', 'iljalizunovas@hotmail.co.uk', '78.63.30.234', 1322705629, 1, 0),
(181, 'L2AoN', 'a29350af0b0fceff5e7409866839f4fb', 'kesciuss@nkm.lt', 'kesciuss@nkm.lt', '92.40.53.195', 1344973886, 1, 0),
(29, 'Javainis', '7a76ac359758e84401aa6984c7fe10df', 'jonasnavarskas@gmail.com', 'jonasnavarskas@gmail.com', '78.63.27.75', 1322770110, 1, 0),
(143, 'ako', 'fd5e81b52a2961b12834ecbbf95f20c1', 'kmamukishvili@mail.ru', 'kmamukishvili@mail.ru', '188.169.229.131', 1335688807, 1, 0),
(31, 'freedom', '82865efa25adc7073b3e94f89458cf05', 'lineagew@gmail.com', 'lineagew@gmail.com', '78.61.227.30', 1322910100, 1, 0),
(32, 'sonic', '6d8d4d5d3bc2e6ba3d75512e8d4292e3', 'sonic@inbox.lt', 'sonic@inbox.lt', '78.158.30.12', 1323031995, 1, 0),
(33, 'syncmaster', '811582854cfb4cfda47fc48b9bc1b60d', 'povas@inbox.lt', 'povas@inbox.lt', '84.15.181.31', 1323039841, 1, 0),
(34, 'drasius', '701f52f7b4931eb8c5a62ceae9d85863', 'l2vasara@gmail.com', 'l2vasara@gmail.com', '77.221.86.246', 1323083783, 1, 0),
(36, 'l2hero', 'd204c4678c53c1c50c9a5480d85523a9', 'l2-hero@zebra.lt', 'l2-hero@zebra.lt', '88.118.93.45', 1323342737, 1, 0),
(39, 'Cigazzz', '64f066e5ac3a9f85bddb056e7bcf54a7', 'r3fan@inbox.lt', 'r3fan@inbox.lt', '78.60.80.124', 1323641045, 1, 0),
(41, 'l2luxor', 'a062708e60bfeaf6d8f97023cdc8fcb7', 'deivienav@gmail.com', 'deivienav@gmail.com', '86.38.246.25', 1324016806, 1, 0),
(42, 'uncontrollables', 'f414e9f0b3849b3c71c57bd1ebd765f9', 'ferdan@mail.bg', 'ferdan@mail.bg', '77.71.8.21', 1324191542, 1, 0),
(44, 'danit', '73d27432279587f00e7f17f4b8adb4ef', 'danutzzz96@yahoo.com', 'danutzzz96@yahoo.com', '93.118.82.128', 1324586700, 1, 0),
(45, 'danutz1', '817a8d2560120b529fd5146060540890', 'danuttoamna@yahoo.com', 'danuttoamna@yahoo.com', '93.118.82.128', 1324586931, 1, 0),
(46, 'deide', '535b2d996ebfcdada9d3a2d2e076848c', 'alex7979.07@mail.ru', 'alex7979.07@mail.ru', '178.120.68.102', 1324664875, 1, 0),
(47, 'Interlude', '563b20098daffd34dda1284fec2b9506', 'aivarasnx@gmail.com', 'aivarasnx@gmail.com', '88.222.176.212', 1324933152, 1, 0),
(48, 'l2rojus', '6cba1b733ec09c0f0f08538125237cd0', 'beatbox.lr@gmail.com', 'beatbox.lr@gmail.com', '78.56.164.168', 1325074949, 1, 0),
(50, 'nikosas', '09bcc8746ad59bf92c09b90f57264c80', 'nikassszzz@gmail.com', 'nikassszzz@gmail.com', '78.60.56.245', 1325535570, 1, 0),
(184, 'RuNmile', '2d08b8626faf4ec585ad2c2455daf793', 'nurkont@yandex.com', 'nurkont@yandex.com', '195.46.190.248', 1345575309, 1, 0),
(52, 'arturelis', 'cc3993ddedde5c158456a1947ca3e8e5', 'l2adamant.info@gmail.com', 'l2adamant.info@gmail.com', '212.122.93.181', 1325787542, 1, 0),
(53, 'invicible', 'c3121e5022a91751bff0953f3dcce488', 'bananauskas@one.lt', 'bananauskas@one.lt', '78.63.135.254', 1325795240, 1, 0),
(182, 'ricispicis', '6f5ce9f76634abef9324849ffb610728', 'ricispicis@super.lt', 'ricispicis@super.lt', '92.40.52.5', 1345396186, 1, 0),
(183, 'Erikx', 'b0ae3520a73ba0c04494be6eb56e408b', 'kiberzona@delfi.lt', 'kiberzona@delfi.lt', '82.11.176.78', 1345488124, 1, 0),
(56, 'Arnas', '9a5433ba2874a1df39fd845cff5bba64', 'arnasm87@gmail.com', 'arnasm87@gmail.com', '78.56.207.25', 1326049709, 1, 0),
(58, 'Alein', '2ed2e47ebc0aee8fe774ceb350ae5563', 'visada0@gmail.com', 'visada0@gmail.com', '88.216.49.222', 1326395046, 1, 0),
(140, 'PsYcH', '7bf1d1733da028d84bccada2f48cead2', 'nelaimelissss@gmail.com', 'nelaimelissss@gmail.com', '80.221.50.188', 1335429899, 1, 0),
(145, 'claww', '0215a6ef2724430520bde5ae59cc378a', 'johnny_x15@yahoo.com', 'johnny_x15@yahoo.com', '89.137.22.207', 1336380904, 1, 0),
(62, 'throneofdeath', 'df599ba42359fd29221b7fdb687fa4cf', 'giedrius741852@gmail.com', 'giedrius741852@gmail.com', '77.79.16.138', 1326995847, 1, 0),
(63, 'zydrungri1', '3065a9844fcdc5fa089ca13588534de3', 'mrszolda@super.lt', 'mrszolda@super.lt', '62.212.205.157', 1327184245, 1, 0),
(64, 'ximik', 'db5b6794cebd6e7ce8eb456370ae7383', 'ximik@inbox.lt', 'ximik@inbox.lt', '78.57.161.162', 1327344909, 1, 0),
(65, 'qqr', '9223770468e9f2ddf50190bd6b95ae91', 'we3eee@gmail.com', 'we3eee@gmail.com', '88.222.217.227', 1327362511, 1, 0),
(66, 'basas', 'fe75a2fdbe4b28354cb1147971c0755a', 'zilviskk@gmail.com', 'zilviskk@gmail.com', '80.202.131.123', 1327513956, 1, 0),
(69, 'zajacas1', 'e031cb83d1baa0ea68a39366fc9d169e', 'webhelp@inbox.lt', 'webhelp@inbox.lt', '78.60.209.173', 1327782851, 1, 0),
(70, 'domuxx', '2d12c65e50c24ec095b29781b8f6dea2', 'sdffsdfd@gmail.com', 'sdffsdfd@gmail.com', '78.58.202.92', 1328110327, 1, 0),
(71, 'sushenica', 'c8a13892971114b9caf7d5f94b289e94', 'batidido@mail.bg', 'batidido@mail.bg', '94.190.193.169', 1328122580, 1, 0),
(72, 'ssrskiller', '3e30bd09a669107e68b5068ef818f314', 'vidunas2@gmail.com', 'vidunas2@gmail.com', '78.61.74.205', 1328137792, 1, 0),
(73, 'topelis', 'bc02c485f22698ce2648a4249b754ddb', 'topelis@topas.lt', 'topelis@topas.lt', '78.58.110.22', 1328166769, 1, 0),
(74, 'pasimylim', '7f547acf29097d300d2d6af2de57b28f', 'pasimylim@micro.lt', 'pasimylim@micro.lt', '78.57.226.89', 1328268934, 1, 0),
(76, 'testukas', '6d94430e687e24a593b619e167c1a213', 'testukas@gmail.com', 'testukas@gmail.com', '84.32.128.136', 1328385199, 1, 0),
(77, 'Nikas', 'b3787de4ee8f1ac97aedd6c8e383b7c2', 'arte.jurgilas@gmail.com', 'arte.jurgilas@gmail.com', '82.145.210.39', 1328385828, 1, 0),
(78, 'treuton', '2c17ce4b7057c5c1004b677badf8ea49', 'k.kliucnikas@gmail.com', 'k.kliucnikas@gmail.com', '84.32.108.167', 1328443304, 1, 0),
(80, 'zmxncb', 'd81f4d158f0caa680809ef8e72770f22', 'dainis3200@one.lt', 'dainis3200@one.lt', '89.117.14.169', 1328551750, 1, 0),
(81, 'L2IG', 'a006da8f7f849f43db90ab8b623cd3b9', 'l2ig.info@gmail.com', 'l2ig.info@gmail.com', '88.119.195.171', 1328632201, 1, 1),
(82, 'Brifas', '523c5fb49fe4172f2b6bde8e028a4f3a', 'vakaronas@gmail.com', 'vakaronas@gmail.com', '89.190.107.179', 1328712430, 1, 0),
(83, 'knfpro', '4ed7beb733b55e60fb9d1adb238076b4', 'ernas123@gmail.com', 'ernas123@gmail.com', '212.12.201.185', 1328882290, 1, 0),
(86, 'wongerlt', '2044e5007a951592ec844e5bf56669cb', 'sanex451@gmail.com', 'sanex451@gmail.com', '78.63.35.138', 1329075306, 1, 0),
(87, 'Karolis', 'f615ff944b07edb9b41e676af7423cd5', 'vanagiukas@gmail.com', 'vanagiukas@gmail.com', '78.62.162.115', 1329341330, 1, 0),
(89, 'l2inter', '0c84140863896419ba566266ced55364', 'l2inter@hotmail.com', 'l2inter@hotmail.com', '78.63.67.209', 1329506769, 1, 0),
(90, 'nemeissis', '66e52f431e6d928c3ae335950dbcabee', 'nemeissisbadboy2005@yahoo.com', 'nemeissisbadboy2005@yahoo.com', '92.81.184.141', 1329593726, 1, 0),
(91, 'vilmisv', 'd4363a53f001fa6be53f3472c3e73238', 'wilmisv1995@gmail.com', 'wilmisv1995@gmail.com', '78.62.27.238', 1329594970, 1, 0),
(92, 'oniukas159', '37edc739b8c4a5567c38ceaa3162eba9', 'oniukas159@yahoo.com', 'oniukas159@yahoo.com', '46.36.67.46', 1329656098, 1, 0),
(93, 'Ewuxass', '97e3a64a1448281e53221c1b261b417c', 'donatas.komslytis@gmail.com', 'ewuxass@gmail.com', '78.58.106.76', 1329747627, 1, 0),
(94, 'VaiNeR', '14e9707e7193295c3ad21e3d7092a6f1', 'vainer21@gmail.com', 'vainer21@gmail.com', '91.187.168.105', 1330088042, 1, 1),
(95, 'eringas9', '3d521dec29144c989880048b38dfa815', 'eringas9@one.lt', 'eringas9@one.lt', '78.57.128.113', 1330100343, 1, 0),
(97, 'l2strobe', '486c0a0e1a14d2a828d0933dbad37350', 'l2strobe@yahoo.com', 'l2strobe@yahoo.com', '77.90.64.46', 1330896472, 1, 0),
(138, 'l2rbn', '2f7ea9083dcde574067f50e49163bd15', 'l2rbn@hotmail.com', 'l2rbn@hotmail.com', '190.204.39.181', 1335293798, 1, 0),
(102, 'djwejas', 'ea807d8329bfd1c74a3733e1e6c3c462', 'djwejas@gmail.com', 'djwejas@gmail.com', '81.101.132.156', 1331399690, 1, 0),
(146, 'hipman', '342bb8b928d245fc48d02d841c03b6c6', 'hhipman@gmail.com', 'hhipman@gmail.com', '78.60.249.89', 1336507702, 1, 0),
(104, 'duocia', '51068f32b93e0b68b901c26e4479c3f7', 'ncaree@gmail.com', 'ncaree@gmail.com', '78.61.241.79', 1331817067, 1, 0),
(105, 'jighn', '17fd02ab5feb9f252d6bad3dfc474cb6', 'badvkfox@gmail.com', 'badvkfox@gmail.com', '78.63.223.147', 1331824636, 1, 0),
(106, 'qprice', 'b752cccd65b4eef69f79a315b4d086c9', 'v2qprice@gmail.com', 'v2qprice@gmail.com', '84.240.11.78', 1331929752, 1, 1),
(144, 'dr31kas', 'ddea51fc70f67cc8b84e01e7d7057be5', 'wilmisz@gmail.com', 'wilmisz@gmail.com', '78.57.252.173', 1336354655, 1, 0),
(186, 'RobertWY', '678dfcc636a3bacd682b3ec7200bbfbd', 'dustnogualy1976@yandex.com', 'dustnogualy1976@yandex.com', '83.170.99.222', 1345780443, 1, 0),
(111, 'L2Endure', '388f84c5b4bd2ba662ef015905a283de', 'l2endure@mail.com', 'l2endure@mail.com', '78.58.239.175', 1332339180, 1, 0),
(112, 'grekce', 'b63c148674624d8d82284f62bd1f26f1', 'grekce@gmail.com', 'grekce@gmail.com', '78.157.72.18', 1332567265, 1, 0),
(113, 'mhm2743', '675ccd17a59220069e4bd0bf1a7be7cd', 'mhm2743@gmail.com', 'mhm2743@gmail.com', '77.219.90.18', 1332593046, 1, 0),
(139, 'goce14', '5b5e03b51c250f830e84e17557a13150', 'goce_14@hotmail.com', 'goce_14@hotmail.com', '77.29.242.213', 1335357102, 1, 0),
(117, 'cre4tive', '681d7a6e6254ee615d567563c18de1c9', 'salna1991salna@inbox.lt', 'salna1991salna@inbox.lt', '84.32.221.209', 1333054933, 1, 0),
(119, 'UPSIDE', '319cd12160257bfd38f5a95828fdb36a', 'liuxliux221@gmail.com', 'liuxliux221@gmail.com', '178.250.36.243', 1333286534, 1, 0),
(120, 'interludepro', '3667a9e0a96fe94700bbf8ac7b74bcad', 'joose852@epastas.lt', 'joose852@epastas.lt', '78.58.63.19', 1333308784, 1, 0),
(121, 'EscapeFM', '4111800e55cb10e0647af9ce147c7b52', 'eimantas199612@gmail.com', 'eimantas199612@gmail.com', '46.36.75.86', 1333312308, 1, 0),
(122, 'zemaitis', '4f819ae45d86a83abb072ccddf138207', 'urbonaseimantas@gmail.com', 'urbonaseimantas@gmail.com', '212.12.201.191', 1333350285, 1, 0),
(124, 'harolldas', '113effbb4a47b8434d50a4d5cdf06062', 'harolldas@gmail.com', 'harolldas@gmail.com', '77.79.43.15', 1333705211, 1, 0),
(125, 'anukelis', '914766f66cc1fd6ab7eb167ba541f031', 'anukelis15@inbox.lt', 'anukelis15@inbox.lt', '46.36.75.193', 1333787794, 1, 0),
(126, 'hell', '92a8418b807c7ee1c17c188d1f576b41', 'hell@deathwarrior.yt.lt', 'hell@deathwarrior.yt.lt', '178.16.45.211', 1333883162, 1, 1),
(130, 'sangas', 'f5aa5c3c4d843563d0b7c35dd58f41c4', 'sangasx@gmail.com', 'sangasx@gmail.com', '78.61.39.32', 1334401139, 1, 0),
(131, 'GaGaXas', '4b095a3543994f70df3b637055bf2702', 'gagax15@gmail.com', 'gagax15@gmail.com', '85.206.79.236', 1334407535, 1, 0),
(132, 'libi', 'c3c17e4ff289319ecfa701ae480a3a8e', 'l2son.lt@gmail.com', 'l2son.lt@gmail.com', '217.77.22.92', 1334504111, 1, 0),
(133, 'maltinukas', 'aa83efe291f487a216a8a8870848197b', 'maltinukas@gmail.com', 'maltinukas@gmail.com', '78.57.144.100', 1334588393, 1, 0),
(134, 'justastest', '02aba0e1ecb6448dbc52e15d4b0b648d', 'justastest@gmail.com', 'justastest@gmail.com', '78.63.16.148', 1334618150, 1, 0),
(135, 'L2White', '02aba0e1ecb6448dbc52e15d4b0b648d', 'ccitva@yahoo.com', 'ccitva@yahoo.com', '86.100.152.146', 1334723934, 1, 0),
(136, 'test15', 'f83baf0be788b5692e1205b1794cc05d', 'asdas@asdasd.lt', 'asdas@asdasd.lt', '78.63.16.148', 1334864505, 1, 0),
(147, 'perlamutras', '5c5d6219d07cc3aadcff900a20686266', 'chokomokolioko147@gmail.com', 'chokomokolioko147@gmail.com', '77.90.88.150', 1336760316, 1, 0),
(149, 'Klonas', '42bf213b35a35510b6d5850bdd07dc2c', 'mindec9@yahoo.com', 'mindec9@yahoo.com', '31.110.80.132', 1337240154, 1, 0),
(150, 'Factor', '61c3955e455a50f1035cf24e81b3ae88', 'andriukas.narutis@gmail.com', 'andriukas.narutis@gmail.com', '62.80.228.34', 1337682737, 1, 0),
(151, 'arnux', 'b0c530d99cae59a25759f82332a20a79', 'arnux1@gmail.com', 'arnux1@gmail.com', '86.38.182.251', 1337860186, 1, 0),
(154, 'duxass', '02aba0e1ecb6448dbc52e15d4b0b648d', 'c1745908@rtrtr.com', 'c1745908@rtrtr.com', '78.57.150.4', 1338560931, 1, 0),
(155, 'rodolfomaster', '2b2d5a0afb3f64dd52f0723c389c4fc0', 'kethupe@hotmail.com', 'kethupe@hotmail.com', '187.66.77.6', 1338599888, 1, 0),
(157, 'nidzex', '02aba0e1ecb6448dbc52e15d4b0b648d', 'server.neverbackdown@gmail.com', 'server.neverbackdown@gmail.com', '78.62.164.58', 1338735832, 1, 0),
(160, 'jose13', '6701c163cac3730bdb43bb9c098f6e70', 'l2ancestral@hotmail.com', 'l2ancestral@hotmail.com', '200.84.251.156', 1339881607, 1, 0),
(162, 'lolass', 'df6cc120056c6a96b1b67ae2a78ab5a8', 'simukas16@gmail.com', 'simukas16@gmail.com', '88.119.234.243', 1340031010, 1, 0),
(163, 'hasaniukas', '1003b5e3231e7f829942d3418926d679', 'hasaniukas@gmail.com', 'hasaniukas@gmail.com', '84.32.146.185', 1340169291, 1, 0),
(185, 'eiperis', 'edfed3c91592b621f23f4e0a413c85b0', 'hackiux@gmail.com', 'hackiux@gmail.com', '88.222.201.21', 1345713218, 1, 0),
(165, 'milkeris', '5df19af0113cdc7de99f584e6105948b', 'd.milkeris@gmail.com', 'd.milkeris@gmail.com', '78.61.227.30', 1340657292, 1, 0),
(167, 'GummY', '632cad80097b597586510413328cf137', 'tautvydasftautvydasf@gmail.com', 'tautvydasftautvydasf@gmail.com', '78.58.84.19', 1341505107, 1, 0),
(168, 'L2Independent', 'f414e9f0b3849b3c71c57bd1ebd765f9', 'blqqk2@abv.bg', 'blqqk2@abv.bg', '77.71.11.197', 1341639587, 1, 0),
(170, 'kristiniux', 'c41a13361a036d11eb47f33834cde294', 'robertas.petrauskas99@gmail.com', 'robertas.petrauskas99@gmail.com', '78.58.205.113', 1342429302, 1, 0),
(171, 'euvalentin', '43b92fabb8147669fc198f144229cf0e', 'l2invasion@yahoo.com', 'l2invasion@yahoo.com', '188.24.38.175', 1342459321, 1, 0),
(173, 'instal51', 'bc25697ee3612d0d8473782bbe7750e6', 'l2manotopai@gmail.com', 'l2manotopai@gmail.com', '2.103.73.75', 1342627328, 1, 0),
(174, 'komanda1994', 'b7879e3508699e5971241be6dc88ecd0', 'logitech1346@gmail.com', 'logitech1346@gmail.com', '62.212.202.27', 1343075231, 1, 0),
(176, 'patrona01', '187d83557f9f65f676e34ba24de22cb5', 'mafiotuii@yahoo.com', 'mafiotuii@yahoo.com', '188.241.231.188', 1344200122, 1, 0),
(177, 'betryl', '6f784a8c61ee1df1c1aaca9271d564f8', 'deiwidasxzp@gmail.com', 'deiwidasxzp@gmail.com', '78.63.38.218', 1344338242, 1, 0),
(178, 'xoroso', 'b17af204c96f5127f59c5c8767712ef7', 'litras@gmail.com', 'litras@gmail.com', '78.62.158.71', 1344346518, 1, 0),
(179, 'nsstop', 'e80f6f85a2ba3ff091147f4427b8649b', 'nsstop@hotmail.com', 'nsstop@hotmail.com', '78.56.147.222', 1344440391, 1, 0),
(180, 'Aivariukas123', '5ae68edcc1d3acb1c8ed0a703b4a9a73', 'flux@super.lt', 'flux@super.lt', '78.57.240.208', 1344868078, 1, 0);

-- --------------------------------------------------------

--
-- Sukurta duomenų struktūra lentelei `vote_log`
--

CREATE TABLE IF NOT EXISTS `vote_log` (
  `ip` varchar(255) NOT NULL,
  `date` int(11) NOT NULL,
  PRIMARY KEY (`ip`)
) ENGINE=MyISAM DEFAULT CHARSET=latin1;

--
-- Sukurta duomenų kopija lentelei `vote_log`
--

INSERT INTO `vote_log` (`ip`, `date`) VALUES
('217.97.215.18', 1322764620),
('83.171.3.132', 1337373302),
('77.221.86.246', 1323983327),
('88.222.201.82', 1342667760),
('78.63.30.234', 1322788181),
('86.174.132.67', 1322795210),
('78.58.13.157', 1323714226),
('178.16.40.26', 1345323009),
('78.63.27.75', 1330248586),
('78.56.248.168', 1344815547),
('86.38.212.213', 1322851681),
('78.62.232.162', 1336974275),
('86.150.100.55', 1322874972),
('88.216.55.78', 1322889500),
('78.61.89.13', 1334611010),
('77.100.231.126', 1324774118),
('86.135.79.243', 1322945781),
('178.16.33.123', 1323199922),
('78.61.227.30', 1342111050),
('78.61.35.190', 1323222789),
('86.38.185.165', 1322957845),
('88.222.200.11', 1322962977),
('213.190.34.62', 1326064392),
('86.168.174.225', 1323157201),
('78.158.30.12', 1326587356),
('78.60.94.58', 1336603579),
('84.15.181.31', 1323084776),
('84.15.188.94', 1323124879),
('78.62.41.170', 1323137511),
('78.57.152.36', 1327961043),
('91.187.182.153', 1323147970),
('84.15.177.222', 1323162585),
('77.79.29.139', 1323199067),
('78.61.230.8', 1323223028),
('84.32.95.11', 1323465782),
('84.32.215.137', 1323397068),
('46.45.0.255', 1323376370),
('78.58.202.168', 1323902771),
('88.118.93.45', 1323638629),
('88.89.58.187', 1326034623),
('78.58.41.123', 1324093822),
('78.58.16.27', 1323486130),
('77.71.34.145', 1323573277),
('78.58.97.167', 1323603516),
('78.56.139.159', 1341262334),
('88.222.206.253', 1324143406),
('86.38.246.25', 1329183892),
('78.60.80.124', 1341890316),
('90.130.136.53', 1323690056),
('95.42.91.25', 1323725021),
('89.117.245.211', 1323732030),
('197.0.243.21', 1323841943),
('90.137.131.15', 1323856321),
('83.188.163.183', 1323862940),
('78.63.41.250', 1324014140),
('109.107.89.186', 1323909351),
('88.216.31.87', 1323913163),
('213.103.229.156', 1323923170),
('90.130.137.76', 1323938920),
('88.118.2.137', 1323942625),
('84.55.1.244', 1323998358),
('213.190.34.21', 1324001462),
('77.90.72.146', 1324003152),
('82.135.235.171', 1324066098),
('85.232.152.240', 1327740903),
('77.79.16.138', 1340184511),
('78.63.47.56', 1325032229),
('78.63.27.135', 1324092529),
('178.105.170.89', 1324094046),
('88.216.34.143', 1330804517),
('88.222.126.86', 1324119683),
('85.206.38.187', 1335141880),
('62.212.207.170', 1324157752),
('89.117.240.81', 1324207295),
('78.62.41.101', 1341529252),
('90.154.200.179', 1324251806),
('77.71.8.21', 1325105031),
('87.126.1.253', 1324252974),
('78.56.176.212', 1324264717),
('83.26.130.209', 1324265901),
('84.32.214.142', 1324277170),
('78.57.198.118', 1324279072),
('86.38.181.27', 1324325613),
('83.26.206.214', 1324356410),
('86.100.203.18', 1324361379),
('78.174.251.22', 1324448417),
('78.58.57.154', 1324450790),
('80.239.242.79', 1324486456),
('90.177.15.220', 1327901785),
('84.15.191.164', 1324520401),
('93.153.25.197', 1324527856),
('93.118.82.128', 1325503703),
('86.38.186.180', 1324634866),
('89.102.76.166', 1324643154),
('178.120.68.102', 1324707962),
('78.63.16.148', 1334914828),
('88.216.32.138', 1337308150),
('78.61.60.227', 1324781652),
('188.69.224.240', 1324785583),
('82.145.209.16', 1324819538),
('85.248.230.242', 1324859924),
('78.61.131.56', 1324862567),
('93.174.93.145', 1328488932),
('95.154.230.253', 1324933641),
('67.159.5.242', 1324933696),
('95.154.230.191', 1341608345),
('66.90.73.223', 1324933859),
('89.117.236.221', 1324979126),
('78.58.60.65', 1326332917),
('78.58.54.236', 1325031108),
('78.60.6.217', 1325034156),
('89.102.76.143', 1325035679),
('78.62.50.137', 1325035727),
('78.60.47.61', 1325045857),
('212.12.204.49', 1325045877),
('89.117.248.118', 1325053831),
('78.63.219.254', 1325839038),
('78.62.240.173', 1325060777),
('78.57.154.82', 1325062240),
('86.100.222.97', 1325069062),
('89.253.166.221', 1325095100),
('78.56.164.168', 1325118351),
('78.58.49.207', 1325131864),
('78.58.49.9', 1325157714),
('85.75.20.171', 1325288148),
('88.118.93.30', 1325623407),
('78.58.90.216', 1328259756),
('78.57.225.6', 1329092943),
('89.117.154.1', 1325383016),
('83.6.57.252', 1325477317),
('79.166.129.19', 1325548938),
('78.60.56.245', 1331497472),
('87.246.53.35', 1325591108),
('88.223.36.247', 1328118444),
('78.60.229.72', 1335039277),
('86.38.55.45', 1325640455),
('89.117.209.73', 1325658427),
('95.49.53.112', 1325661572),
('78.62.186.218', 1325676362),
('186.53.82.247', 1325686561),
('77.79.18.198', 1330897900),
('78.60.146.149', 1325754626),
('88.235.177.172', 1325808457),
('217.77.28.254', 1325809055),
('212.122.93.181', 1326342003),
('95.49.3.249', 1325831881),
('178.236.197.177', 1325890439),
('95.49.0.117', 1325897966),
('90.221.105.77', 1325911367),
('188.69.226.217', 1325912887),
('95.49.1.248', 1325977667),
('84.15.186.153', 1325981762),
('91.187.169.156', 1325989424),
('85.28.162.45', 1328151058),
('212.52.50.93', 1326017160),
('212.12.198.35', 1326062516),
('84.32.107.197', 1340231409),
('86.38.138.89', 1326073594),
('78.56.207.25', 1329679680),
('46.36.75.70', 1326162835),
('78.57.132.250', 1326167878),
('31.17.200.146', 1326170658),
('212.117.20.68', 1326176087),
('178.37.2.250', 1326251340),
('78.62.78.235', 1326322872),
('46.249.164.169', 1330581359),
('190.229.167.184', 1326390622),
('89.117.179.109', 1326419407),
('78.58.46.140', 1331233937),
('77.254.2.183', 1326423376),
('78.60.182.16', 1326884766),
('88.216.144.43', 1327448181),
('84.46.238.49', 1326435605),
('78.60.96.10', 1326437518),
('88.216.49.222', 1326438375),
('177.17.111.177', 1326441755),
('91.187.169.245', 1326442433),
('88.222.195.78', 1326446153),
('78.61.50.165', 1326450704),
('213.252.196.134', 1326482220),
('78.57.246.13', 1326498425),
('78.63.92.127', 1326504331),
('78.63.117.111', 1326922847),
('67.193.66.86', 1327121346),
('78.58.201.96', 1326695378),
('78.60.183.7', 1326720192),
('190.167.53.179', 1326747246),
('84.32.101.212', 1326765888),
('84.46.184.189', 1326840091),
('78.58.204.244', 1326946057),
('88.118.222.84', 1326870428),
('78.63.122.185', 1327561289),
('83.24.181.189', 1326874749),
('78.29.140.186', 1327023893),
('190.135.19.184', 1326900235),
('195.88.28.132', 1328244331),
('78.60.54.215', 1326918144),
('77.90.88.150', 1337961042),
('79.108.159.43', 1328430047),
('62.212.200.236', 1326961041),
('78.56.233.5', 1327009352),
('78.60.14.118', 1327021062),
('88.222.219.47', 1336803861),
('89.116.222.217', 1327040421),
('188.69.226.198', 1327102802),
('77.221.84.118', 1327104788),
('78.60.176.158', 1327118451),
('92.83.107.75', 1327121713),
('78.62.160.219', 1327134682),
('88.245.168.236', 1327138252),
('149.172.37.173', 1327148242),
('188.4.75.142', 1327151500),
('88.222.201.71', 1327182918),
('86.38.83.165', 1333312010),
('213.159.32.45', 1327183806),
('78.58.66.138', 1328475420),
('86.100.204.80', 1327252845),
('77.87.8.127', 1327789761),
('78.62.108.155', 1327188375),
('78.57.27.21', 1327188703),
('84.222.42.92', 1327188772),
('78.63.95.104', 1327188780),
('78.63.26.193', 1327189679),
('88.119.227.242', 1334039916),
('88.222.56.75', 1333791037),
('78.57.212.113', 1327205500),
('77.221.76.219', 1338661724),
('62.212.201.28', 1343603978),
('88.118.95.30', 1327212131),
('84.32.215.6', 1327213784),
('77.79.22.30', 1327272276),
('83.24.189.154', 1327258557),
('212.59.19.223', 1334027886),
('78.62.10.237', 1330058186),
('87.56.104.5', 1327271655),
('89.117.46.77', 1344226634),
('87.247.123.90', 1327276213),
('213.238.98.125', 1327280276),
('46.249.171.20', 1327282555),
('84.15.190.251', 1327283119),
('82.135.219.38', 1328309088),
('188.223.57.93', 1327287928),
('109.235.1.169', 1327292653),
('78.58.126.35', 1327297652),
('78.58.16.123', 1328780639),
('94.66.17.92', 1327299525),
('190.75.109.214', 1327300097),
('84.32.99.19', 1327301613),
('95.43.53.143', 1327351741),
('79.163.172.72', 1327302444),
('93.86.157.243', 1327303569),
('212.52.59.8', 1327305359),
('67.159.36.27', 1327306932),
('88.240.176.192', 1327312817),
('93.181.158.125', 1327412478),
('84.15.190.253', 1327317263),
('81.7.97.250', 1327360825),
('217.77.24.124', 1327369505),
('46.249.171.43', 1327558153),
('88.118.92.160', 1327375719),
('78.58.19.170', 1327545236),
('212.52.54.58', 1327378776),
('77.221.95.16', 1327383448),
('213.146.58.33', 1327649714),
('77.79.26.144', 1327384370),
('193.219.179.5', 1327384483),
('88.222.54.28', 1327385543),
('85.71.97.51', 1328184399),
('79.163.30.142', 1327405363),
('88.222.217.227', 1327405845),
('78.62.140.84', 1327407397),
('217.117.27.25', 1327426125),
('109.199.243.183', 1327438474),
('83.178.81.185', 1327440809),
('90.137.130.120', 1327443002),
('84.15.179.96', 1327447497),
('79.163.57.174', 1327458527),
('78.60.74.196', 1327469661),
('78.58.51.131', 1327472104),
('91.192.70.22', 1327639263),
('88.118.4.157', 1327897283),
('200.87.238.160', 1327500194),
('195.74.250.156', 1327516397),
('78.62.142.22', 1328062027),
('188.69.227.199', 1327540422),
('78.63.31.6', 1329625148),
('78.58.67.13', 1327550422),
('78.58.107.76', 1328069796),
('78.29.130.117', 1327892372),
('84.126.130.12', 1327815182),
('80.203.37.88', 1327556518),
('80.202.131.123', 1332141874),
('94.244.85.40', 1327558726),
('46.249.162.15', 1334213013),
('78.61.73.143', 1334133466),
('94.9.130.67', 1329604121),
('89.117.241.146', 1327665040),
('89.117.243.42', 1327707138),
('213.146.53.221', 1327709816),
('78.61.174.186', 1327711142),
('78.61.6.127', 1327712354),
('193.90.59.34', 1327715324),
('88.222.153.99', 1327741928),
('78.57.229.113', 1327777943),
('78.61.136.80', 1327779950),
('78.56.253.133', 1327785383),
('78.62.136.62', 1328680183),
('84.55.4.253', 1328309637),
('78.58.90.179', 1333218426),
('90.182.248.84', 1327804600),
('80.82.156.23', 1327809633),
('78.57.236.13', 1327815276),
('78.60.12.178', 1338322554),
('78.63.93.10', 1327872595),
('78.57.233.230', 1327872942),
('81.151.8.114', 1327883921),
('94.154.24.18', 1327890788),
('86.100.148.108', 1327893361),
('78.57.205.102', 1327895193),
('24.199.77.224', 1327895329),
('91.202.90.153', 1327952277),
('217.171.62.117', 1327902828),
('84.46.255.97', 1327909369),
('85.206.91.53', 1339444159),
('83.23.71.144', 1327918476),
('88.251.54.154', 1327920900),
('178.59.157.247', 1327930526),
('91.187.169.3', 1327949814),
('212.219.100.3', 1328907739),
('92.62.226.113', 1328266358),
('78.58.124.239', 1329641497),
('79.163.25.59', 1328049344),
('193.219.168.137', 1327968763),
('178.19.27.76', 1341765323),
('46.36.67.43', 1328401481),
('78.88.118.28', 1327975923),
('83.10.143.92', 1327995634),
('90.212.134.179', 1327995699),
('78.57.236.204', 1328169898),
('91.198.16.216', 1328004137),
('77.255.151.65', 1328007782),
('109.164.85.17', 1328194538),
('190.207.2.68', 1328018982),
('151.40.162.252', 1328019159),
('190.207.15.69', 1328034044),
('78.61.219.245', 1328039368),
('77.221.73.127', 1328040738),
('88.251.55.186', 1328042967),
('87.121.199.24', 1328123855),
('84.32.102.74', 1328055898),
('86.100.244.151', 1329277971),
('88.222.197.58', 1328224014),
('79.163.28.237', 1328136487),
('87.97.178.186', 1328076302),
('90.177.69.147', 1328194429),
('85.70.56.102', 1328078614),
('84.240.46.140', 1328083342),
('88.222.113.81', 1328099017),
('190.183.197.56', 1328100455),
('83.15.9.90', 1328105838),
('78.62.188.4', 1328110520),
('88.156.202.143', 1328128223),
('87.119.127.107', 1328143920),
('77.254.238.218', 1328148212),
('84.32.96.115', 1328149039),
('78.63.108.129', 1329108273),
('78.58.202.92', 1328393702),
('86.150.101.72', 1328156054),
('81.104.85.145', 1334817664),
('78.87.90.143', 1328173016),
('46.190.1.117', 1328178699),
('89.24.242.252', 1328244217),
('178.16.40.147', 1328183905),
('188.24.108.32', 1328198747),
('112.210.65.220', 1328204514),
('91.233.138.180', 1328209774),
('78.58.110.22', 1328403078),
('46.198.3.75', 1328224392),
('83.31.129.105', 1328226505),
('200.117.215.158', 1328240869),
('79.166.23.64', 1328246637),
('217.119.117.130', 1328246967),
('82.26.54.174', 1328254820),
('78.58.100.127', 1328255901),
('83.20.162.51', 1328255942),
('190.52.42.154', 1328257476),
('87.202.136.203', 1328259702),
('84.46.234.223', 1328260013),
('84.46.199.241', 1328260262),
('78.58.98.71', 1328293408),
('78.63.230.155', 1328304398),
('78.62.170.92', 1328308419),
('78.57.226.89', 1335470782),
('78.63.107.201', 1328509207),
('86.100.22.160', 1328325428),
('89.117.67.125', 1328755386),
('78.57.236.116', 1328478627),
('151.45.159.53', 1328346027),
('78.58.90.251', 1328510821),
('78.61.74.205', 1329620732),
('212.117.20.96', 1328416826),
('93.184.13.75', 1328424674),
('213.149.6.13', 1328428647),
('82.145.210.39', 1328428793),
('84.55.11.61', 1328484297),
('84.32.108.167', 1328652921),
('78.57.227.202', 1328486745),
('74.63.112.142', 1328488798),
('67.159.56.164', 1328488804),
('74.63.112.144', 1328488816),
('95.154.230.254', 1328488919),
('86.135.74.86', 1328491028),
('77.90.72.96', 1333429143),
('88.222.150.190', 1328507653),
('78.60.127.89', 1328512723),
('88.222.204.136', 1328528932),
('186.60.153.19', 1328545087),
('109.156.76.35', 1328575610),
('212.52.56.71', 1328678462),
('78.31.229.123', 1328583975),
('78.60.176.202', 1328589253),
('78.58.73.159', 1328594406),
('89.117.14.169', 1328595351),
('186.55.24.72', 1328596816),
('91.132.111.208', 1328657930),
('88.119.195.171', 1332060275),
('78.61.78.127', 1331108130),
('78.61.9.247', 1329120481),
('86.169.248.196', 1328694703),
('193.219.78.35', 1328916244),
('46.251.63.26', 1328749524),
('88.216.49.176', 1328752272),
('84.15.183.193', 1328762986),
('78.57.157.162', 1328765008),
('82.4.22.57', 1328768498),
('190.161.188.199', 1328794453),
('82.145.209.64', 1328817203),
('82.135.197.60', 1328823847),
('84.32.84.42', 1328839693),
('86.100.245.35', 1328846577),
('88.118.7.80', 1328866243),
('78.62.85.150', 1328866604),
('212.12.201.185', 1341689015),
('84.32.95.239', 1328930225),
('188.222.190.1', 1328942440),
('78.56.243.72', 1331185191),
('80.239.243.109', 1328989672),
('78.62.199.8', 1328995511),
('46.251.61.51', 1338158474),
('94.174.231.229', 1329002013),
('78.58.200.15', 1329120360),
('78.61.196.242', 1329038303),
('85.255.50.249', 1329042538),
('130.244.196.90', 1343985148),
('88.216.133.13', 1329045527),
('78.58.124.194', 1329078196),
('46.251.63.33', 1329086339),
('85.166.75.102', 1329103891),
('86.100.238.213', 1329112835),
('78.63.35.138', 1329118464),
('86.38.190.220', 1329135560),
('86.38.93.225', 1329180605),
('86.160.70.115', 1329205832),
('88.222.189.245', 1341189177),
('88.119.156.184', 1329264632),
('82.145.217.15', 1329374606),
('78.62.162.115', 1331627812),
('80.239.243.95', 1329421800),
('84.46.246.38', 1329422693),
('77.221.86.235', 1329443232),
('62.80.225.95', 1330376960),
('78.158.31.244', 1329516372),
('86.100.222.65', 1329519285),
('84.32.221.116', 1329521040),
('78.58.102.123', 1329521606),
('86.38.14.69', 1329549465),
('88.222.200.154', 1329555328),
('88.216.105.9', 1329556736),
('86.38.12.74', 1329768637),
('78.62.27.238', 1329788651),
('88.222.96.248', 1329639501),
('92.81.184.141', 1329765620),
('99.198.127.150', 1329644422),
('78.63.122.223', 1329686555),
('77.221.73.122', 1329694973),
('78.157.72.193', 1329703572),
('89.136.78.192', 1329810198),
('89.32.155.27', 1329714554),
('193.219.62.118', 1329764137),
('78.58.106.76', 1333450803),
('84.15.190.139', 1329879824),
('84.46.235.46', 1329886400),
('78.61.254.200', 1329897801),
('86.38.204.207', 1330033487),
('78.62.122.198', 1330033498),
('31.17.205.181', 1330043255),
('88.216.20.246', 1330048098),
('84.15.188.50', 1330059579),
('91.187.168.105', 1335131556),
('86.38.13.247', 1330213493),
('178.25.56.89', 1330480008),
('78.57.128.113', 1330143804),
('84.15.179.156', 1330156217),
('78.57.157.28', 1330174996),
('89.116.54.105', 1330199312),
('178.236.204.82', 1330975852),
('84.15.187.248', 1330239128),
('89.117.244.172', 1330282325),
('212.52.50.55', 1330293309),
('176.61.37.168', 1330295415),
('78.58.33.159', 1330316831),
('84.15.182.44', 1330321364),
('86.100.203.148', 1330324326),
('86.38.189.43', 1330333059),
('86.38.180.185', 1330375218),
('82.140.181.26', 1330385974),
('84.15.179.174', 1330416111),
('85.237.190.131', 1330473764),
('84.46.246.219', 1330475846),
('89.117.244.161', 1330479948),
('84.15.177.185', 1330502778),
('2.150.32.127', 1330503814),
('86.38.182.160', 1330933158),
('86.38.205.91', 1330556739),
('193.219.75.65', 1336467124),
('84.15.190.86', 1330589410),
('84.15.183.34', 1330673871),
('190.205.119.38', 1330709633),
('89.116.112.169', 1330732076),
('86.100.46.25', 1330736237),
('80.212.72.224', 1332047132),
('84.15.189.213', 1330762052),
('92.83.251.18', 1330776599),
('82.78.57.10', 1330779699),
('78.62.195.72', 1330794536),
('78.58.89.204', 1335060917),
('89.117.239.207', 1330816699),
('82.135.194.155', 1330818794),
('84.15.189.33', 1330850251),
('190.108.230.125', 1330887282),
('78.60.96.33', 1330917864),
('84.15.181.50', 1330935258),
('86.38.204.183', 1331231167),
('78.61.241.254', 1330972452),
('81.7.92.122', 1333053148),
('89.190.107.229', 1331512725),
('84.15.184.171', 1331022779),
('89.117.242.232', 1331079251),
('86.38.179.19', 1331086688),
('92.84.195.18', 1331104002),
('83.54.163.19', 1331124286),
('77.221.93.52', 1331146675),
('84.15.188.197', 1331153916),
('78.99.208.179', 1331170634),
('91.139.170.202', 1331244237),
('84.15.189.156', 1331262968),
('89.117.250.153', 1331271723),
('89.117.249.252', 1331348367),
('188.69.225.122', 1331349844),
('89.117.245.220', 1331364509),
('78.56.164.221', 1331501588),
('89.117.251.48', 1331427790),
('81.109.66.47', 1331432243),
('81.101.132.156', 1345762237),
('86.38.180.62', 1331499921),
('62.212.207.149', 1331501048),
('88.119.234.243', 1340074353),
('78.61.197.43', 1333845719),
('84.46.242.18', 1331605036),
('89.117.131.4', 1331690108),
('86.100.124.114', 1331708466),
('79.100.61.23', 1331771962),
('85.136.141.214', 1331776511),
('78.63.98.31', 1331846717),
('85.136.0.85', 1331858660),
('78.61.241.79', 1335034328),
('78.62.167.203', 1331862954),
('78.63.223.147', 1332116569),
('78.57.222.93', 1332198279),
('78.56.137.41', 1331889324),
('85.136.0.192', 1331944366),
('91.233.179.51', 1331954002),
('46.190.12.89', 1331956339),
('82.140.160.244', 1331965946),
('84.240.11.78', 1332834174),
('78.60.176.135', 1332737466),
('94.66.53.148', 1332015076),
('195.216.179.146', 1332021600),
('88.119.195.85', 1332112584),
('82.41.232.46', 1332021659),
('78.62.111.203', 1332021763),
('89.117.70.74', 1332022981),
('78.57.130.58', 1332024078),
('89.168.95.208', 1332029035),
('94.244.89.230', 1332029241),
('84.46.238.66', 1332034521),
('78.60.215.15', 1332035045),
('86.38.206.18', 1332035754),
('85.136.2.16', 1332047175),
('78.63.78.16', 1332211983),
('84.240.35.172', 1332062732),
('86.19.183.121', 1332389856),
('78.57.227.98', 1332113983),
('89.117.251.26', 1332119850),
('94.66.168.192', 1332123616),
('85.136.143.72', 1332131472),
('78.63.86.54', 1341876739),
('86.100.11.163', 1332802247),
('78.62.100.15', 1332200452),
('85.136.2.182', 1332204706),
('78.60.5.84', 1332306321),
('78.57.167.109', 1336965585),
('86.38.181.68', 1332311586),
('82.135.219.45', 1332374524),
('84.240.26.203', 1332376071),
('78.58.239.175', 1332662669),
('200.43.6.243', 1332386717),
('74.115.3.65', 1332395282),
('74.115.1.92', 1332395384),
('69.22.171.24', 1332622955),
('69.31.103.243', 1332403132),
('69.22.174.27', 1332403687),
('69.22.170.233', 1332403943),
('209.73.132.249', 1332404367),
('91.187.165.67', 1332472707),
('204.93.60.232', 1332475256),
('199.255.209.88', 1332479288),
('88.89.236.142', 1337248850),
('209.73.132.239', 1332481810),
('78.63.79.220', 1332485594),
('78.63.217.63', 1334222162),
('209.73.132.238', 1332558934),
('69.22.172.243', 1332559119),
('209.73.132.237', 1332559429),
('69.31.103.248', 1332560251),
('68.68.107.232', 1332561063),
('69.22.186.229', 1332561545),
('209.73.132.230', 1332562554),
('204.93.60.225', 1332566997),
('69.22.179.253', 1332567850),
('204.93.60.236', 1332586434),
('50.117.56.162', 1332586837),
('216.172.135.236', 1332622560),
('82.6.221.114', 1332637209),
('78.61.132.223', 1332659191),
('86.38.187.213', 1332722625),
('84.46.245.144', 1332726221),
('79.116.232.24', 1332756501),
('78.60.154.153', 1332757885),
('201.252.163.95', 1332768487),
('78.58.44.209', 1332796590),
('86.100.146.230', 1332800376),
('86.100.67.84', 1332826847),
('78.58.35.244', 1332827171),
('200.117.140.150', 1332828912),
('88.119.253.245', 1332870579),
('94.52.153.49', 1332897660),
('89.117.24.41', 1333520281),
('78.61.78.68', 1332911343),
('89.116.206.197', 1332922023),
('87.247.84.62', 1332925935),
('181.1.123.57', 1332937142),
('88.222.103.26', 1332954915),
('109.175.6.159', 1333395556),
('78.63.206.106', 1333029660),
('78.58.199.49', 1333049526),
('83.171.6.152', 1333049937),
('80.240.20.170', 1333056699),
('79.116.192.240', 1333072011),
('78.157.83.34', 1333127772),
('92.114.13.210', 1333390327),
('92.114.13.201', 1333365668),
('78.63.206.155', 1333139395),
('188.69.224.62', 1333159347),
('78.63.120.114', 1341355435),
('87.110.97.115', 1333226316),
('89.117.243.233', 1333181056),
('181.1.183.189', 1333201904),
('84.2.201.185', 1333214573),
('78.61.161.227', 1334297573),
('213.149.129.175', 1333269532),
('86.124.212.154', 1333238327),
('178.59.235.4', 1333841907),
('31.46.96.242', 1333267521),
('89.122.11.57', 1333268545),
('78.157.74.195', 1336960072),
('201.164.207.135', 1333275765),
('190.226.225.55', 1333275989),
('212.12.201.191', 1333393657),
('92.84.133.121', 1333312099),
('79.116.204.57', 1333315821),
('88.216.123.28', 1334178599),
('88.222.81.135', 1333321205),
('89.100.117.252', 1333325934),
('78.58.51.88', 1333327268),
('62.212.204.165', 1333328502),
('178.250.36.243', 1333329818),
('46.36.67.164', 1333413563),
('212.12.199.232', 1333386015),
('78.92.106.52', 1333335087),
('78.62.83.79', 1333336808),
('78.60.89.43', 1333337604),
('145.236.4.72', 1333338553),
('79.112.69.247', 1333339097),
('217.17.95.243', 1333339161),
('186.133.240.147', 1333340364),
('77.45.18.182', 1333343951),
('89.36.23.81', 1333344554),
('94.69.5.152', 1333427346),
('69.31.103.219', 1333345237),
('190.20.181.35', 1333345750),
('109.107.69.21', 1333562272),
('37.6.169.207', 1333349206),
('187.3.71.200', 1333352624),
('92.114.13.54', 1333501629),
('78.58.50.146', 1333352802),
('200.101.127.178', 1333427653),
('78.57.170.39', 1333450218),
('79.112.95.142', 1333382587),
('79.166.47.206', 1333395863),
('77.71.20.57', 1333407679),
('78.61.48.104', 1333484316),
('46.103.11.223', 1333411564),
('89.41.159.120', 1336958835),
('46.246.232.168', 1333419410),
('78.62.218.244', 1333433069),
('84.240.35.186', 1333435082),
('78.58.246.222', 1333435638),
('85.108.15.171', 1333441157),
('85.108.41.220', 1333441961),
('94.66.152.62', 1333442011),
('109.107.69.11', 1337055627),
('95.20.81.0', 1333513697),
('86.38.183.136', 1333519955),
('46.176.183.244', 1333523747),
('151.52.222.194', 1333574264),
('92.81.215.219', 1333575099),
('78.62.247.209', 1333684158),
('201.211.12.122', 1333866294),
('86.38.184.249', 1333595302),
('86.100.35.231', 1334023994),
('83.208.229.176', 1333621049),
('78.58.196.90', 1333648510),
('78.58.74.167', 1333653324),
('46.13.68.57', 1333667897),
('62.212.200.1', 1333712355),
('78.58.69.95', 1333732271),
('88.222.70.217', 1333743273),
('77.79.43.15', 1337245409),
('78.58.50.231', 1333749978),
('84.32.152.218', 1334036497),
('216.169.110.193', 1333751141),
('46.249.171.41', 1334013222),
('78.60.193.181', 1333928084),
('46.249.171.14', 1333758708),
('212.52.39.70', 1333759815),
('94.244.77.249', 1333760246),
('62.212.200.131', 1333767931),
('78.61.210.207', 1333853395),
('78.62.56.151', 1333771643),
('78.58.248.106', 1333772053),
('46.36.75.193', 1335486462),
('84.240.12.240', 1335091757),
('84.15.178.81', 1333837688),
('42.117.198.156', 1333840654),
('84.46.247.136', 1334779822),
('190.121.238.134', 1333862798),
('188.69.226.186', 1333866041),
('78.58.61.166', 1333870441),
('86.85.214.105', 1333926252),
('78.57.193.217', 1333926150),
('178.16.45.211', 1336262262),
('78.58.227.35', 1334347653),
('24.23.174.141', 1333972263),
('94.69.243.110', 1334012460),
('84.32.205.63', 1334016527),
('62.212.200.216', 1334111513),
('87.247.97.95', 1334134435),
('86.38.51.209', 1334204061),
('89.116.21.37', 1334142086),
('86.100.143.93', 1334161622),
('88.222.204.120', 1334169606),
('81.7.99.43', 1334266855),
('78.58.227.86', 1334180600),
('186.90.87.185', 1334301115),
('94.156.14.67', 1334310687),
('83.21.155.233', 1334384530),
('89.190.104.52', 1336361774),
('91.191.20.21', 1334438028),
('78.58.254.108', 1334441488),
('41.133.159.198', 1334443503),
('187.132.137.213', 1334443506),
('178.149.139.69', 1334443509),
('118.165.67.93', 1334443511),
('41.130.203.58', 1334443512),
('120.28.205.141', 1334443513),
('180.190.160.63', 1334443515),
('189.229.175.226', 1334443516),
('180.218.14.97', 1334443517),
('92.47.91.70', 1334443537),
('77.92.243.170', 1334443539),
('120.28.243.162', 1334443542),
('187.145.134.163', 1334443542),
('122.178.184.35', 1334443549),
('113.210.101.236', 1334443552),
('41.33.132.1', 1334443552),
('58.8.8.55', 1334443553),
('82.178.154.229', 1334443569),
('2.134.194.128', 1334443571),
('176.33.247.53', 1334443578),
('183.83.229.39', 1334443584),
('41.59.3.171', 1334443586),
('41.96.50.59', 1334443592),
('95.10.50.74', 1334443594),
('41.221.102.251', 1334443595),
('85.250.204.45', 1334443598),
('217.24.242.34', 1334443600),
('113.165.27.48', 1334443602),
('178.89.56.75', 1334443607),
('95.0.32.206', 1334443609),
('49.138.134.103', 1334443614),
('86.57.69.66', 1334443619),
('123.20.255.41', 1334443622),
('59.183.46.219', 1334445799),
('41.96.100.54', 1334445856),
('95.59.59.140', 1334445864),
('14.98.117.97', 1334445864),
('84.240.252.211', 1334445870),
('201.41.153.42', 1334445887),
('180.254.190.220', 1334445909),
('115.67.32.46', 1334445936),
('180.241.92.51', 1334445970),
('188.161.232.232', 1334445971),
('201.27.109.3', 1334445986),
('89.138.205.226', 1334445998),
('41.178.225.131', 1334446001),
('41.129.59.134', 1334446009),
('1.4.130.67', 1334446012),
('78.167.103.238', 1334446025),
('88.232.182.236', 1334446043),
('196.46.120.107', 1334446044),
('2.134.153.175', 1334446044),
('180.193.96.223', 1334446064),
('95.56.80.96', 1334446069),
('41.59.12.13', 1334446079),
('2.144.84.123', 1334446084),
('94.98.152.43', 1334446088),
('175.132.11.28', 1334446120),
('41.238.205.74', 1334446130),
('2.133.33.107', 1334446138),
('94.142.53.199', 1334446139),
('119.173.114.110', 1334446152),
('212.122.71.95', 1334483805),
('78.63.236.190', 1337996265),
('78.57.144.100', 1334631754),
('78.62.90.85', 1335323068),
('62.80.225.125', 1341799910),
('190.134.172.194', 1334734917),
('201.58.155.131', 1334800221),
('200.140.68.149', 1334811692),
('86.38.184.188', 1334893813),
('86.38.120.109', 1335051571),
('37.6.34.252', 1335054926),
('2.103.8.58', 1335060587),
('46.249.172.214', 1335080952),
('78.58.192.36', 1335098296),
('82.140.140.57', 1335171793),
('190.231.145.94', 1335197351),
('86.38.15.185', 1335204496),
('78.58.5.189', 1335464722),
('80.221.50.188', 1335473285),
('86.125.231.189', 1335489481),
('77.79.39.93', 1335670488),
('84.31.202.232', 1335744908),
('80.239.242.62', 1335505993),
('80.239.242.190', 1335506018),
('188.26.75.211', 1335711038),
('78.58.15.109', 1335757915),
('79.116.107.160', 1335803089),
('62.212.203.231', 1335815386),
('178.138.35.221', 1335819279),
('78.58.53.188', 1335837625),
('83.31.43.222', 1335837704),
('89.117.131.6', 1335838070),
('123.22.96.211', 1335964475),
('84.32.201.188', 1336267734),
('86.100.128.120', 1335990539),
('82.2.199.164', 1337645831),
('121.127.105.110', 1335990913),
('79.131.39.77', 1336024075),
('88.3.108.173', 1336030733),
('82.145.211.21', 1336035347),
('123.22.98.188', 1336056101),
('84.15.190.246', 1336105858),
('188.254.183.222', 1336111981),
('46.12.205.196', 1336190269),
('124.59.101.101', 1336231935),
('187.86.7.194', 1337118630),
('123.22.100.179', 1336236790),
('82.145.208.207', 1336237411),
('89.141.57.91', 1336251380),
('178.138.32.17', 1336253629),
('178.138.32.79', 1336259197),
('189.70.21.41', 1336269365),
('37.6.37.202', 1336274804),
('62.212.207.161', 1336277957),
('113.162.209.37', 1336325677),
('188.254.193.176', 1337105731),
('2.100.7.65', 1336339034),
('94.244.68.10', 1336437038),
('83.171.6.185', 1337142325),
('84.15.180.142', 1336350373),
('188.115.138.125', 1336383448),
('78.57.252.173', 1336729982),
('89.137.22.207', 1336424429),
('89.133.70.221', 1337070497),
('2.100.12.184', 1336426133),
('62.212.204.13', 1336451035),
('83.171.5.82', 1336503176),
('213.177.9.99', 1336510175),
('78.63.246.21', 1336519626),
('95.85.190.117', 1336522226),
('62.212.204.215', 1336551617),
('201.254.174.17', 1336563084),
('88.223.81.27', 1336595310),
('178.101.32.168', 1336619137),
('95.49.11.9', 1336692017),
('78.61.84.138', 1336701745),
('86.173.176.145', 1336740292),
('95.49.121.213', 1336780713),
('182.0.209.60', 1336796454),
('81.29.18.25', 1336804719),
('188.69.224.127', 1336846720),
('78.62.131.138', 1336859776),
('78.62.79.142', 1336860424),
('89.228.105.252', 1336889941),
('79.115.186.103', 1336896545),
('88.216.113.186', 1336939862),
('109.110.4.178', 1336943414),
('79.103.64.114', 1336943521),
('88.216.61.94', 1336949355),
('89.116.237.165', 1336950239),
('95.18.231.92', 1336955469),
('89.116.234.5', 1336955502),
('78.63.26.35', 1336959082),
('78.87.142.115', 1336959331),
('78.62.42.31', 1337148819),
('84.46.249.142', 1336961188),
('37.6.72.130', 1336963506),
('86.38.126.249', 1336964587),
('78.87.228.70', 1336964842),
('46.12.240.244', 1336966173),
('87.247.101.185', 1336967651),
('46.251.63.93', 1336968943),
('109.107.69.12', 1336970728),
('94.64.21.210', 1336974961),
('176.58.195.19', 1336975624),
('62.107.240.105', 1336979259),
('92.237.48.90', 1337064325),
('88.216.113.46', 1336980803),
('212.122.91.61', 1336981694),
('186.34.159.127', 1336982360),
('88.222.228.121', 1336985738),
('89.133.12.86', 1337386561),
('109.242.137.23', 1337041481),
('78.62.67.213', 1336990046),
('86.44.217.30', 1336990150),
('88.222.30.19', 1336990177),
('86.9.244.182', 1336990232),
('95.87.58.111', 1336991434),
('81.84.67.30', 1337008918),
('83.103.134.220', 1337127164),
('94.67.7.228', 1337023174),
('91.187.162.13', 1337024969),
('78.63.217.250', 1337028368),
('78.63.45.80', 1337031312),
('84.32.210.36', 1337031901),
('46.12.179.240', 1337034556),
('84.46.237.144', 1337043694),
('88.216.31.42', 1337304086),
('94.251.245.132', 1337052880),
('78.58.199.26', 1337063410),
('94.248.151.200', 1337151531),
('109.242.142.132', 1337064699),
('78.87.12.44', 1337065222),
('78.62.114.164', 1337196567),
('37.6.153.37', 1337238647),
('83.30.38.222', 1337066777),
('94.69.239.179', 1337067658),
('79.121.91.236', 1337068546),
('79.167.249.73', 1337090777),
('79.131.234.125', 1337091406),
('83.103.190.171', 1337111947),
('89.135.129.209', 1337112563),
('46.10.35.110', 1337114410),
('78.96.73.99', 1337119378),
('91.140.101.86', 1337142343),
('79.167.92.146', 1337142786),
('77.78.11.58', 1337144302),
('88.222.207.102', 1337148619),
('94.66.6.232', 1337148623),
('80.98.240.83', 1337151801),
('79.103.56.98', 1337198754),
('46.176.188.34', 1337152019),
('85.74.238.203', 1337153853),
('94.69.67.95', 1337160034),
('86.100.152.146', 1337961698),
('78.63.45.14', 1337184665),
('94.66.77.77', 1337197199),
('78.60.129.96', 1337200602),
('91.187.168.120', 1337280412),
('78.58.1.81', 1337213414),
('84.46.242.240', 1337215541),
('88.222.228.24', 1337217902),
('46.177.109.31', 1337353229),
('89.126.26.131', 1337219715),
('78.63.34.72', 1337240557),
('94.66.97.209', 1337259277),
('178.99.217.56', 1337284497),
('94.71.75.125', 1337288236),
('95.42.202.83', 1337288770),
('88.222.198.8', 1337302817),
('89.176.95.15', 1337304483),
('46.12.227.175', 1337305040),
('31.109.95.191', 1337306541),
('31.109.52.231', 1337306592),
('178.99.82.6', 1337307555),
('178.105.146.64', 1337307623),
('178.99.249.145', 1337307675),
('178.105.126.171', 1337307736),
('31.110.67.53', 1337307818),
('178.99.211.145', 1337308195),
('31.109.3.208', 1337308265),
('31.109.198.121', 1337308338),
('94.169.110.210', 1337309513),
('46.29.193.158', 1337642710),
('78.158.28.26', 1337334667),
('141.255.49.168', 1337369107),
('82.26.54.119', 1337388181),
('212.52.38.9', 1337547160),
('94.71.85.246', 1337391335),
('95.8.44.244', 1337407634),
('188.4.84.231', 1337409808),
('178.143.65.15', 1337416832),
('186.56.222.39', 1337418470),
('79.107.194.168', 1337440984),
('186.90.31.16', 1337443042),
('77.90.121.248', 1337460733),
('91.117.120.38', 1337475515),
('88.216.130.28', 1337518792),
('86.44.25.53', 1337556436),
('112.154.165.212', 1338245135),
('94.64.29.68', 1337579187),
('78.60.241.214', 1337583300),
('190.139.210.88', 1337588361),
('85.75.241.152', 1337642785),
('82.135.197.90', 1337648860),
('212.233.195.156', 1337799441),
('186.58.84.64', 1337990750),
('94.69.190.68', 1338067144),
('188.69.226.46', 1338110573),
('85.73.238.74', 1338117409),
('78.57.194.189', 1339812274),
('78.62.168.31', 1338202520),
('188.69.225.31', 1338293244),
('94.26.70.77', 1338311256),
('195.14.189.102', 1338347994),
('78.60.129.117', 1338601486),
('188.69.224.10', 1338763699),
('78.62.164.58', 1344817607),
('79.168.108.65', 1338782518),
('78.58.111.139', 1338965484),
('78.62.155.105', 1339089224),
('78.58.209.233', 1339121519),
('46.211.218.17', 1339143299),
('41.44.38.98', 1339207275),
('189.73.97.117', 1339343265),
('78.63.103.62', 1339873351),
('78.62.70.83', 1339380334),
('94.244.83.169', 1339558596),
('78.96.164.14', 1339614826),
('88.216.2.138', 1340162251),
('91.228.2.140', 1339804083),
('180.190.172.15', 1339804578),
('80.79.127.130', 1339804837),
('109.73.66.69', 1339805223),
('184.75.217.137', 1339805291),
('23.19.56.88', 1339805350),
('108.60.153.117', 1339805398),
('217.170.202.103', 1339805458),
('95.154.230.18', 1339805658),
('91.223.208.168', 1339805717),
('108.62.211.31', 1339805776),
('88.222.205.69', 1340208692),
('77.79.29.98', 1344742966),
('86.38.212.53', 1340268156),
('78.62.137.47', 1340662027),
('90.175.75.151', 1340332793),
('84.32.149.132', 1340337007),
('186.57.56.164', 1340337904),
('95.19.231.160', 1340391329),
('190.239.161.174', 1340483164),
('78.62.248.56', 1340508578),
('190.238.67.200', 1340554658),
('69.31.51.237', 1340582557),
('86.177.137.66', 1340599732),
('41.44.58.178', 1340766467),
('84.32.123.190', 1340938625),
('188.69.225.198', 1341010182),
('78.58.153.122', 1341022622),
('84.15.54.69', 1341027457),
('86.100.226.157', 1341043093),
('78.61.50.212', 1341088274),
('78.58.83.87', 1341105820),
('46.249.171.33', 1341106380),
('84.240.26.199', 1341107148),
('86.30.241.247', 1341107149),
('78.63.19.12', 1341557567),
('78.58.27.119', 1341363433),
('78.58.101.209', 1341110054),
('78.58.209.10', 1341115433),
('213.226.63.141', 1341121176),
('46.36.67.33', 1341353046),
('78.63.96.155', 1341128008),
('78.62.70.176', 1341130476),
('77.79.59.215', 1341131820),
('77.90.119.130', 1341135767),
('86.38.113.249', 1341136597),
('84.46.243.244', 1341139024),
('78.61.36.3', 1341141303),
('78.61.83.34', 1341141309),
('78.58.193.248', 1341142773),
('62.212.204.195', 1341142864),
('78.58.62.242', 1341142919),
('78.58.39.177', 1341143578),
('78.60.53.171', 1341164713),
('46.36.76.57', 1341260175),
('88.222.207.206', 1341168864),
('89.117.44.49', 1341175479),
('95.166.111.7', 1341176365),
('78.58.48.197', 1341176814),
('81.104.30.40', 1342145746),
('78.62.118.248', 1341183989),
('213.226.151.109', 1341268927),
('78.61.79.14', 1341188727),
('82.135.250.40', 1341190528),
('78.61.95.189', 1341191994),
('88.90.168.223', 1341198760),
('77.221.88.195', 1341199470),
('78.57.146.100', 1342288243),
('86.10.1.210', 1341253009),
('46.249.163.48', 1341204870),
('86.100.93.185', 1341205811),
('78.58.233.142', 1341207623),
('78.57.144.80', 1341224527),
('84.46.198.41', 1341238445),
('178.19.18.129', 1341252162),
('46.7.114.149', 1341252672),
('78.58.252.89', 1341253522),
('78.58.193.101', 1341257873),
('86.38.64.201', 1341429974),
('78.58.46.96', 1341260948),
('89.117.235.165', 1341261189),
('86.100.106.60', 1341262268),
('86.100.211.159', 1341262672),
('78.62.167.239', 1341264795),
('78.58.44.49', 1341265243),
('78.62.250.38', 1341265362),
('86.38.158.100', 1341267339),
('78.58.61.152', 1341269410),
('88.222.26.89', 1342317349),
('212.117.8.238', 1341271340),
('78.63.38.14', 1341272659),
('86.44.38.108', 1341273941),
('90.229.190.239', 1341273996),
('178.254.241.21', 1341275017),
('178.19.28.218', 1341473792),
('212.233.159.75', 1341280976),
('84.46.254.224', 1341293499),
('62.80.232.173', 1341298072),
('62.80.229.5', 1341300975),
('78.58.32.10', 1341310207),
('88.216.150.149', 1341447529),
('78.63.101.18', 1341341078),
('86.100.203.41', 1344323980),
('78.61.33.113', 1341346987),
('77.221.88.153', 1341535029),
('78.57.229.105', 1341351978),
('88.216.140.11', 1341355379),
('80.239.242.174', 1341355950),
('176.248.223.85', 1341362955),
('78.58.226.189', 1341365276),
('92.75.40.10', 1341365540),
('78.63.111.178', 1341370115),
('78.60.110.159', 1343151859),
('78.57.84.222', 1341378101),
('86.100.128.25', 1341379535),
('193.219.64.36', 1341381855),
('78.60.230.245', 1341450003),
('88.222.199.25', 1341382776),
('78.58.54.184', 1341384379),
('94.216.98.8', 1342590667),
('46.251.63.42', 1341388608),
('46.36.75.77', 1341403782),
('86.38.185.159', 1341408525),
('158.129.206.227', 1341424375),
('78.61.156.113', 1341425427),
('78.60.74.111', 1341435256),
('78.58.4.18', 1341437039),
('78.60.69.196', 1341437581),
('88.222.184.43', 1341437924),
('78.58.121.21', 1341610273),
('78.61.130.108', 1341439392),
('78.61.68.140', 1341875901),
('188.69.224.109', 1341445765),
('78.62.86.184', 1341446979),
('78.57.144.117', 1341447020),
('78.62.78.48', 1341447161),
('5.20.50.164', 1341448312),
('78.62.206.228', 1341506705),
('78.56.181.172', 1341449723),
('212.117.27.201', 1341451104),
('46.36.75.194', 1341452454),
('82.20.13.29', 1341456889),
('77.100.240.128', 1341874155),
('88.216.136.11', 1341460260),
('95.43.49.86', 1341467398),
('84.240.46.26', 1341787074),
('190.42.239.86', 1341469382),
('78.58.74.241', 1341470475),
('78.62.139.193', 1341476084),
('212.233.150.35', 1341478308),
('78.58.85.177', 1341510091),
('78.60.36.214', 1341515397),
('78.157.74.44', 1341517923),
('93.179.25.42', 1341518261),
('78.58.57.114', 1341539950),
('78.58.36.91', 1341615504),
('78.63.41.138', 1341551838),
('177.64.154.57', 1341577247),
('78.63.85.241', 1341612463),
('86.17.88.20', 1341620604),
('86.38.204.176', 1341622890),
('190.172.80.32', 1341626165),
('78.63.222.119', 1341628381),
('84.32.209.65', 1341653642),
('86.38.58.21', 1341658860),
('77.71.11.197', 1341938517),
('5.20.35.66', 1341702205),
('78.61.214.227', 1341782525),
('78.61.241.162', 1341723450),
('78.57.228.83', 1341728655),
('217.9.248.233', 1341765315),
('213.190.34.127', 1341771132),
('78.56.251.235', 1341782009),
('79.214.63.161', 1341788585),
('46.36.75.190', 1341789973),
('78.57.235.134', 1341806242),
('109.199.130.231', 1341814557),
('78.61.11.240', 1341816957),
('94.195.6.253', 1342501710),
('78.61.163.247', 1342419912),
('77.240.248.156', 1341853861),
('77.221.81.75', 1341870370),
('212.52.34.37', 1341881198),
('78.62.47.195', 1341882891),
('217.225.102.7', 1341891630),
('89.190.126.32', 1341895638),
('94.232.224.251', 1341907538),
('78.58.27.148', 1341908358),
('78.57.219.171', 1341910825),
('88.222.211.61', 1341918583),
('78.60.124.254', 1341958525),
('78.62.19.69', 1341961249),
('92.83.1.60', 1341963911),
('78.58.246.66', 1341967836),
('77.48.17.7', 1342028649),
('95.75.43.193', 1342030009),
('177.106.105.234', 1342056287),
('78.62.248.92', 1342056622),
('89.228.41.28', 1342080381),
('177.106.51.56', 1342080458),
('83.23.57.7', 1342160896),
('83.21.172.123', 1342167270),
('83.23.250.199', 1342214821),
('86.38.19.221', 1342231660),
('78.61.29.174', 1342315694),
('90.205.197.241', 1342412909),
('84.80.24.89', 1342402240),
('78.58.20.202', 1342402767),
('46.195.61.212', 1342408614),
('82.45.207.235', 1342473301),
('78.62.75.53', 1342410613),
('78.58.121.232', 1342459106),
('78.63.95.14', 1342463828),
('84.46.188.149', 1342464383),
('94.170.240.79', 1342419279),
('78.60.205.5', 1342420276),
('85.232.142.9', 1342421856),
('77.221.83.91', 1342426225),
('78.60.185.55', 1342683265),
('78.58.238.111', 1342456950),
('78.58.205.113', 1342472569),
('78.62.117.210', 1342474720),
('86.38.3.204', 1342770105),
('78.58.50.164', 1342497854),
('78.58.224.29', 1342498424),
('89.117.125.201', 1342499293),
('89.190.123.132', 1342501041),
('189.81.215.213', 1342524080),
('62.80.225.96', 1342552676),
('212.12.204.21', 1343085427),
('78.58.199.130', 1342561182),
('78.63.39.240', 1342561904),
('78.62.87.125', 1342656665),
('78.58.250.21', 1342566194),
('87.247.104.152', 1342723832),
('78.63.41.183', 1342569519),
('78.57.236.214', 1342576007),
('78.62.189.43', 1342581103),
('190.202.230.69', 1342581465),
('91.187.170.125', 1342586605),
('78.158.10.191', 1342589609),
('78.60.143.162', 1342592050),
('86.38.169.117', 1342594837),
('78.58.65.195', 1342605286),
('78.63.26.164', 1342609100),
('91.140.40.107', 1342641923),
('188.69.224.100', 1342644701),
('80.243.16.193', 1342645362),
('78.56.185.118', 1342648992),
('213.159.32.84', 1342755929),
('86.38.99.237', 1342653110),
('78.62.41.53', 1342661230),
('89.117.80.9', 1342665768),
('84.15.188.198', 1342678841),
('83.188.166.185', 1342680050),
('88.216.1.76', 1342680198),
('89.116.36.73', 1342683056),
('78.61.212.95', 1342696313),
('88.222.197.55', 1342700994),
('78.58.54.6', 1342731541),
('86.100.203.113', 1342742473),
('78.58.208.190', 1342749505),
('62.212.203.239', 1342754724),
('189.70.214.60', 1342760830),
('78.63.82.241', 1342767159),
('78.62.148.197', 1344796887),
('62.212.202.27', 1343118680),
('62.212.202.28', 1343277233),
('62.212.202.4', 1343322411),
('62.212.202.24', 1343119244),
('62.212.202.26', 1343119398),
('217.77.20.33', 1343137097),
('46.176.26.8', 1343185225),
('62.212.202.30', 1343603929),
('62.212.202.29', 1343424093),
('37.6.54.65', 1343244399),
('62.212.205.30', 1343513511),
('89.117.16.45', 1343288094),
('62.212.202.31', 1343603902),
('62.212.205.31', 1343604036),
('62.212.201.29', 1343603838),
('62.212.202.6', 1343604011),
('78.60.141.206', 1343348072),
('93.155.216.180', 1343385150),
('62.212.202.5', 1343424023),
('62.212.202.3', 1343424118),
('95.209.134.238', 1343462364),
('90.156.99.115', 1343468247),
('186.134.147.246', 1343544397),
('78.60.192.36', 1343562340),
('213.161.245.218', 1343593660),
('62.212.202.1', 1343603804),
('62.212.202.7', 1343603874),
('62.212.202.0', 1343603954),
('5.20.148.231', 1343616396),
('109.105.226.155', 1343689754),
('78.58.240.236', 1343711643),
('78.63.249.227', 1343770822),
('190.101.85.214', 1343824427),
('94.246.133.158', 1343879570),
('80.5.214.226', 1344849728),
('190.101.118.120', 1343912278),
('188.69.226.169', 1343982978),
('78.57.194.99', 1343997171),
('62.212.200.16', 1344206184),
('87.247.96.114', 1344228919),
('78.57.219.89', 1344228982),
('62.212.207.28', 1344291408),
('197.205.60.226', 1344384472),
('78.62.158.71', 1344389923),
('89.137.22.130', 1344392145),
('188.69.225.160', 1344414849),
('188.69.226.211', 1344418688),
('62.212.207.2', 1344423568),
('188.69.224.207', 1344455805),
('62.212.200.111', 1344475847),
('62.212.207.151', 1344481072),
('78.61.132.137', 1345795566),
('78.62.228.216', 1345241335),
('188.69.224.43', 1344541289),
('62.212.200.122', 1344557312),
('62.212.207.80', 1344568139),
('188.69.226.30', 1344589141),
('78.63.45.102', 1344667393),
('217.77.22.92', 1345759300),
('88.119.237.63', 1344814648),
('78.63.240.135', 1345101514),
('195.117.34.149', 1344838166),
('212.12.199.77', 1344884137),
('88.89.197.165', 1344919893),
('188.69.226.61', 1344942987),
('62.212.203.50', 1344984520),
('78.57.213.114', 1345239829),
('86.100.203.98', 1345241523),
('46.36.75.82', 1345266002),
('190.104.42.248', 1345305489),
('84.150.201.71', 1345359912),
('46.249.171.35', 1345430238),
('92.40.52.5', 1345439574),
('92.41.63.227', 1345439645),
('92.41.53.168', 1345439709),
('92.40.131.92', 1345440296),
('190.183.98.221', 1345448493),
('88.222.99.229', 1345518188),
('92.41.234.189', 1345521294),
('92.40.48.71', 1345524028),
('92.41.235.60', 1345614069),
('78.60.200.171', 1345665899),
('84.240.8.233', 1345671192),
('92.41.235.41', 1345719721),
('88.222.201.21', 1345835284),
('85.30.85.154', 1345782654);

/*!40101 SET CHARACTER_SET_CLIENT=@OLD_CHARACTER_SET_CLIENT */;
/*!40101 SET CHARACTER_SET_RESULTS=@OLD_CHARACTER_SET_RESULTS */;
/*!40101 SET COLLATION_CONNECTION=@OLD_COLLATION_CONNECTION */;
